id,cartridge_ref,gun_ref,created_on,scan_id,center_x,center_y,radius,gun_model,manufacturer,Training,Validation,Testing,NOTES
1328,WIN,10051/3,2021-06-14 9:39:58,124,6769,3964,1160,315 AUTO,BBM,x,,,
1338,S&B,10051/3,2021-06-14 9:39:58,124,6688,6526,1160,315 AUTO,BBM,y,,,
1348,GECO,10051/3,2021-06-14 9:39:58,124,6769,9088,1160,315 AUTO,BBM,z,,,
1358,S&B,10051/3,2021-06-14 9:39:59,124,6769,11569,1160,315 AUTO,BBM,,,,
1197,W-W,10071/3,2021-06-09 11:28:00,113,4045,9087,1159,315 AUTO,BBM,,,,10051/3 typo?
1121,LAPUA,10200/02,2021-06-09 11:26:16,112,14845,1485,1161,315 AUTO,BBM,x,,,
1131,GECO,10200/02,2021-06-09 11:26:16,112,14845,4049,1161,315 AUTO,BBM,y,,,
1150,GECO,10200/02,2021-06-09 11:26:16,112,12165,9232,1161,315 AUTO,BBM,z,,,
1160,HP,10200/02,2021-06-09 11:26:16,112,12119,11795,1161,315 AUTO,BBM,,,,
1133,RP,10931/03,2021-06-09 11:26:16,112,20189,3968,1161,315 AUTO,BBM,x,,,
1143,GECO,10931/03,2021-06-09 11:26:16,112,20270,6613,1161,315 AUTO,BBM,y,,,
1153,S&B,10931/03,2021-06-09 11:26:16,112,20108,9069,1161,315 AUTO,BBM,z,,,
1170,GECO,11324/2,2021-06-09 11:28:00,113,12188,1483,1159,315 AUTO,BBM,x,,,
1180,GECO,11324/2,2021-06-09 11:28:00,113,12053,4045,1159,315 AUTO,BBM,z,,,
1190,S&B,11324/2,2021-06-09 11:28:00,113,12188,6606,1159,315 AUTO,BBM,y,,,
1130,HP,12362/2,2021-06-09 11:26:16,112,12200,4049,1161,315 AUTO,BBM,x,,,
1140,HP,12362/2,2021-06-09 11:26:16,112,12119,6667,1161,315 AUTO,BBM,y,,,
1211,GFL,12382/2,2021-06-09 11:28:00,113,14830,11810,1159,315 AUTO,BBM,z,,,12362/2 typo?
1120,GECO,12706/2,2021-06-09 11:26:16,112,12119,1485,1161,315 AUTO,BBM,x,,,
1149,GECO,12706/2,2021-06-09 11:26:16,112,9362,9160,1161,315 AUTO,BBM,y,,,
1159,GECO,12706/2,2021-06-09 11:26:16,112,9393,11795,1161,315 AUTO,BBM,z,,,
1320,CBC,12719/3,2021-06-14 9:39:58,124,12190,1402,1160,315 AUTO,BBM,x,,,
1349,CBC,12719/3,2021-06-14 9:39:58,124,9412,9088,1160,315 AUTO,BBM,y,,,
1359,CBC,12719/3,2021-06-14 9:39:59,124,9331,11650,1160,315 AUTO,BBM,z,,,
1175,S&B,12786/4,2021-06-09 11:28:00,113,25562,1483,1159,315 AUTO,BBM,x,,,
1185,RP,12786/4,2021-06-09 11:28:00,113,25562,4045,1159,315 AUTO,BBM,y,,,
1204,S&B,12786/4,2021-06-09 11:28:00,113,22919,9087,1159,315 AUTO,BBM,z,,,
1214,S&B,12786/4,2021-06-09 11:28:00,113,23000,11648,1159,315 AUTO,BBM,,,,
1195,S&B,14505/4,2021-06-09 11:28:00,113,25562,6606,1159,315 AUTO,BBM,x,,,
1205,S&B,14505/4,2021-06-09 11:28:00,113,25481,9168,1159,315 AUTO,BBM,z,,,
1215,GECO,14505/4,2021-06-09 11:28:00,113,25643,11810,1159,315 AUTO,BBM,y,,,
1166,GECO,14566/3,2021-06-09 11:27:59,113,1483,1483,1159,315 AUTO,BBM,,x,,
1167,GECO,14566/3,2021-06-09 11:27:59,113,4125,1483,1159,315 AUTO,BBM,,,,
1176,GECO,14566/3,2021-06-09 11:28:00,113,1402,3964,1159,315 AUTO,BBM,,,,
1177,GECO,14566/3,2021-06-09 11:28:00,113,4125,3964,1159,315 AUTO,BBM,,,,
1186,GECO,14566/3,2021-06-09 11:28:00,113,1240,6606,1159,315 AUTO,BBM,,,,
1187,GFL,14566/3,2021-06-09 11:28:00,113,4045,6525,1159,315 AUTO,BBM,,,,
1196,GECO,14566/3,2021-06-09 11:28:00,113,1483,9087,1159,315 AUTO,BBM,,,,
1206,S&B,14566/3,2021-06-09 11:28:00,113,1402,11729,1159,315 AUTO,BBM,,y,,
1321,HP,15753/3,2021-06-14 9:39:58,124,14832,1483,1160,315 AUTO,BBM,,x,,
1331,HP,15753/3,2021-06-14 9:39:58,124,14751,4045,1160,315 AUTO,BBM,,y,,
1360,HP,15753/3,2021-06-14 9:39:59,124,12109,11731,1160,315 AUTO,BBM,,,,
1181,HP,1669/3,2021-06-09 11:28:00,113,14830,4045,1159,315 AUTO,BBM,,x,,
1191,S&B,1669/3,2021-06-09 11:28:00,113,14749,6606,1159,315 AUTO,BBM,,y,,
1201,HP,1669/3,2021-06-09 11:28:00,113,14911,9168,1159,315 AUTO,BBM,,,,
1333,CBC,16872/03/01,2021-06-14 9:39:58,124,20118,4045,1160,315 AUTO,BBM,,x,,
1343,S&B,16872/03/01,2021-06-14 9:39:58,124,20199,6607,1160,315 AUTO,BBM,,y,,
1353,S&B,16872/03/01,2021-06-14 9:39:59,124,20118,9088,1160,315 AUTO,BBM,,,,
1345,SPEER,16872/03/10,2021-06-14 9:39:58,124,25566,6607,1160,315 AUTO,BBM,a,,,
1355,GFL,16872/03/10,2021-06-14 9:39:59,124,25566,9169,1160,315 AUTO,BBM,b,,,
1365,FC,16872/03/10,2021-06-14 9:39:59,124,25566,11812,1160,315 AUTO,BBM,,,,
1324,CBC,16872/03/02,2021-06-14 9:39:58,124,22842,1402,1160,315 AUTO,BBM,a,,,
1363,CBC,16872/03/02,2021-06-14 9:39:59,124,20118,11731,1160,315 AUTO,BBM,b,,,
1173,S&B,16872/03/03,2021-06-09 11:28:00,113,20196,1483,1159,315 AUTO,BBM,a,,,
1183,WIN,16872/03/03,2021-06-09 11:28:00,113,20196,3964,1159,315 AUTO,BBM,b,,,
1172,S&B,16872/03/04,2021-06-09 11:28:00,113,17554,1402,1159,315 AUTO,BBM,a,,,
1182,S&B,16872/03/04,2021-06-09 11:28:00,113,17554,3964,1159,315 AUTO,BBM,b,,,
1192,CBC,16872/03/04,2021-06-09 11:28:00,113,17473,6525,1159,315 AUTO,BBM,,,,
1323,CBC,16872/03/05,2021-06-14 9:39:58,124,20199,1483,1160,315 AUTO,BBM,a,,,
1352,S&B,16872/03/05,2021-06-14 9:39:58,124,17556,9088,1160,315 AUTO,BBM,b,,,
1362,WIN,16872/03/05,2021-06-14 9:39:59,124,17556,11731,1160,315 AUTO,BBM,,,,
1334,S&B,16872/03/07,2021-06-14 9:39:58,124,22842,4045,1160,315 AUTO,BBM,a,,,
1344,RP,16872/03/07,2021-06-14 9:39:58,124,22842,6526,1160,315 AUTO,BBM,b,,,
1354,S&B,16872/03/07,2021-06-14 9:39:59,124,22842,9088,1160,315 AUTO,BBM,,,,
1202,RP,16872/03/08,2021-06-09 11:28:00,113,17473,9168,1159,315 AUTO,BBM,a,,,
1212,CBC,16872/03/08,2021-06-09 11:28:00,113,17554,11729,1159,315 AUTO,BBM,b,,,
1325,WIN,16872/03/09,2021-06-14 9:39:58,124,25485,1483,1160,315 AUTO,BBM,a,,,
1335,S&B,16872/03/09,2021-06-14 9:39:58,124,25566,4045,1160,315 AUTO,BBM,b,,,
1364,GECO,16872/03/09,2021-06-14 9:39:59,124,22842,11812,1160,315 AUTO,BBM,,,,
1168,HP,2584/2,2021-06-09 11:27:59,113,6687,1402,1159,315 AUTO,BBM,,x,,
1178,S&B,2584/2,2021-06-09 11:28:00,113,6687,3883,1159,315 AUTO,BBM,,y,,
1188,HP,2584/2,2021-06-09 11:28:00,113,6687,6525,1159,315 AUTO,BBM,,,,
1207,GFL,2584/2,2021-06-09 11:28:00,113,4045,11648,1159,315 AUTO,BBM,,,,
1193,GFL,274/4,2021-06-09 11:28:00,113,20149,6566,1159,315 AUTO,BBM,,x,,
1203,GECO,274/4,2021-06-09 11:28:00,113,20115,9168,1159,315 AUTO,BBM,,,,
1213,S&B,274/4,2021-06-09 11:28:00,113,20115,11729,1159,315 AUTO,BBM,,y,,
1144,GECO,3277/3,2021-06-09 11:26:16,112,22915,6613,1161,315 AUTO,BBM,,x,,
1154,GECO,3277/3,2021-06-09 11:26:16,112,22996,9231,1161,315 AUTO,BBM,,,,
1164,S&B,3277/3,2021-06-09 11:26:16,112,22915,11876,1161,315 AUTO,BBM,,y,,
1118,GECO,355/3,2021-06-09 11:26:16,112,6667,1485,1161,315 AUTO,BBM,,x,,
1128,GFL,355/3,2021-06-09 11:26:16,112,6667,4130,1161,315 AUTO,BBM,,y,,
1138,GECO,355/3,2021-06-09 11:26:16,112,6829,6667,1161,315 AUTO,BBM,,,,
1147,GECO,355/3,2021-06-09 11:26:16,112,4113,9256,1161,315 AUTO,BBM,,,,
1148,GECO,355/3,2021-06-09 11:26:16,112,6748,9150,1161,315 AUTO,BBM,,,,
1157,GECO,355/3,2021-06-09 11:26:16,112,4185,11845,1161,315 AUTO,BBM,,,,
1158,GECO,355/3,2021-06-09 11:26:16,112,6845,11773,1161,315 AUTO,BBM,,,,
1322,GFL,3719/3,2021-06-14 9:39:58,124,17475,1402,1160,315 AUTO,BBM,,x,,
1332,S&B,3719/3,2021-06-14 9:39:58,124,17556,3964,1160,315 AUTO,BBM,,y,,
1342,S&B,3719/3,2021-06-14 9:39:58,124,17475,6607,1160,315 AUTO,BBM,,,,
1169,FC,3727/3,2021-06-09 11:27:59,113,9410,1564,1159,315 AUTO,BBM,,x,,
1179,CCI,3727/3,2021-06-09 11:28:00,113,9352,4100,1159,315 AUTO,BBM,,y,,
1189,GFL,3727/3,2021-06-09 11:28:00,113,9400,6614,1159,315 AUTO,BBM,,,,
1198,CCI,3727/3,2021-06-09 11:28:00,113,6687,9087,1159,315 AUTO,BBM,,,,
1199,CCI,3727/3,2021-06-09 11:28:00,113,9424,9127,1159,315 AUTO,BBM,,,,
1208,W-W,3727/3,2021-06-09 11:28:00,113,6768,11729,1159,315 AUTO,BBM,,,,
1209,CCI,3727/3,2021-06-09 11:28:00,113,9410,11648,1159,315 AUTO,BBM,,,,
1174,GECO,4309/4,2021-06-09 11:28:00,113,22839,1402,1159,315 AUTO,BBM,,,x,
1184,HP,4309/4,2021-06-09 11:28:00,113,22919,3964,1159,315 AUTO,BBM,,,,
1194,HP,4309/4,2021-06-09 11:28:00,113,22839,6525,1159,315 AUTO,BBM,,,,
1119,GECO,5004/3,2021-06-09 11:26:16,112,9393,1485,1161,315 AUTO,BBM,,,x,
1129,RP,5004/3,2021-06-09 11:26:16,112,9474,4049,1161,315 AUTO,BBM,,,,
1139,RP,5004/3,2021-06-09 11:26:16,112,9474,6613,1161,315 AUTO,BBM,,,,
1124,GFL,538/02,2021-06-09 11:26:16,112,22996,1485,1161,315 AUTO,BBM,,,x,
1134,RP,538/02,2021-06-09 11:26:16,112,22915,3968,1161,315 AUTO,BBM,,,,
1163,FC,538/2,2021-06-09 11:26:16,112,20189,11633,1161,315 AUTO,BBM,,,,
1122,S&B,5443/2,2021-06-09 11:26:16,112,17571,1485,1161,315 AUTO,BBM,,,x,
1132,S&B,5443/2,2021-06-09 11:26:16,112,17490,4049,1161,315 AUTO,BBM,,,,
1142,S&B,5443/2,2021-06-09 11:26:16,112,17490,6613,1161,315 AUTO,BBM,,,,
1171,S&B,5688/3,2021-06-09 11:28:00,113,14668,1483,1159,315 AUTO,BBM,,,x,
1200,S&B,5688/3,2021-06-09 11:28:00,113,12107,9087,1159,315 AUTO,BBM,,,,
1210,S&B,5688/3,2021-06-09 11:28:00,113,12107,11729,1159,315 AUTO,BBM,,,,
1116,HP,5899/03/01,2021-06-09 11:26:15,112,1485,1404,1161,315 AUTO,BBM,,,x,
1126,GECO,5899/03/01,2021-06-09 11:26:16,112,1404,3968,1161,315 AUTO,BBM,,,,
1136,HP,5899/03/02,2021-06-09 11:26:16,112,1404,6613,1161,315 AUTO,BBM,,,,
1146,GECO,5899/03/02,2021-06-09 11:26:16,112,1404,9231,1161,315 AUTO,BBM,,,,
1156,GECO,5899/03/02,2021-06-09 11:26:16,112,1573,11821,1161,315 AUTO,BBM,,,,
1117,HP,5899/03/03,2021-06-09 11:26:15,112,4130,1404,1161,315 AUTO,BBM,,,,
1127,GECO,5899/03/03,2021-06-09 11:26:16,112,4130,4049,1161,315 AUTO,BBM,,,,
1137,GECO,5899/03/03,2021-06-09 11:26:16,112,4130,6613,1161,315 AUTO,BBM,,,,
1125,GECO,6068/3,2021-06-09 11:26:16,112,25560,1485,1161,315 AUTO,BBM,,,x,
1135,GFL,6068/3,2021-06-09 11:26:16,112,25641,4049,1161,315 AUTO,BBM,,,,
1145,GECO,6068/3,2021-06-09 11:26:16,112,25480,6667,1161,315 AUTO,BBM,,,,
1155,GECO,6068/3,2021-06-09 11:26:16,112,25560,9231,1161,315 AUTO,BBM,,,,
1165,GFL,6068/3,2021-06-09 11:26:16,112,25560,11795,1161,315 AUTO,BBM,,,,
1319,S&B,6589/2,2021-06-14 9:39:58,124,9412,1483,1160,315 AUTO,BBM,,,x,
1329,GECO,6589/2,2021-06-14 9:39:58,124,9547,3964,1160,315 AUTO,BBM,,,,
1339,GECO,6589/2,2021-06-14 9:39:58,124,9412,6607,1160,315 AUTO,BBM,,,,
1141,RP,6685/2,2021-06-09 11:26:16,112,14764,6613,1161,315 AUTO,BBM,,,x,
1151,GECO,6685/2,2021-06-09 11:26:16,112,14764,9150,1161,315 AUTO,BBM,,,,
1161,GECO,6685/2,2021-06-09 11:26:16,112,14845,11714,1161,315 AUTO,BBM,,,,
1341,GFL,7486/3,2021-06-14 9:39:58,124,14832,6607,1160,315 AUTO,BBM,,,x,
1351,GFL,7486/3,2021-06-14 9:39:58,124,14832,9169,1160,315 AUTO,BBM,,,,
1361,GFL,7486/3,2021-06-14 9:39:59,124,14751,11650,1160,315 AUTO,BBM,,,,
1152,HP,8258/04,2021-06-09 11:26:16,112,17490,9150,1161,315 AUTO,BBM,z,,,8358/4 typo?
1123,HP,8358/4,2021-06-09 11:26:16,112,20270,1485,1161,315 AUTO,BBM,x,,,
1162,SPEER,8358/4,2021-06-09 11:26:16,112,17571,11714,1161,315 AUTO,BBM,y,,,
1330,GECO,8505/3,2021-06-14 9:39:58,124,12211,3956,1160,315 AUTO,BBM,a,,,
1340,GECO,8505/3,2021-06-14 9:39:58,124,12187,6574,1160,315 AUTO,BBM,b,,,
1350,GECO,8505/3,2021-06-14 9:39:58,124,12109,9088,1160,315 AUTO,BBM,,,,
1318,GFL,8586/3/A,2021-06-14 9:39:58,124,6769,1402,1160,315 AUTO,BBM,a,,,
1357,HP,8586/3/A,2021-06-14 9:39:59,124,4045,11731,1160,315 AUTO,BBM,b,,,
1316,GECO,8586/3/B,2021-06-14 9:39:58,124,1402,1402,1160,315 AUTO,BBM,,,,
1326,GFL,8586/3/B,2021-06-14 9:39:58,124,1402,3964,1160,315 AUTO,BBM,,,,
1336,GECO,8586/3/B,2021-06-14 9:39:58,124,1483,6526,1160,315 AUTO,BBM,,,,
1346,GECO,8586/3/B,2021-06-14 9:39:58,124,1321,9088,1160,315 AUTO,BBM,,,,
1356,S&B,8586/3/B,2021-06-14 9:39:59,124,1483,11650,1160,315 AUTO,BBM,,,,
1317,GFL,8586/3/C,2021-06-14 9:39:58,124,4045,1483,1160,315 AUTO,BBM,,,,
1327,GECO,8586/3/C,2021-06-14 9:39:58,124,4045,3964,1160,315 AUTO,BBM,,,,
1337,S&B,8586/3/C,2021-06-14 9:39:58,124,4126,6526,1160,315 AUTO,BBM,,,,
1347,GECO,8586/3/C,2021-06-14 9:39:58,124,4045,9088,1160,315 AUTO,BBM,,,,
1524,GFL,10526/1,2021-06-17 10:46:40,133,23075,1393,1147,950B,PIETRO BERETTA,x,,,
1553,GFL,10526/1,2021-06-17 10:46:40,133,20290,9094,1147,950B,PIETRO BERETTA,z,,,
1562,GECO,10526/1,2021-06-17 10:46:41,133,20426,11715,1147,950B,PIETRO BERETTA,y,,,
1516,HP,11150/3,2021-06-17 10:46:40,133,1638,1393,1147,950B,PIETRO BERETTA,x,,,
1526,GFL,11150/3,2021-06-17 10:46:40,133,1557,3960,1147,950B,PIETRO BERETTA,y,,,
1536,HP,11150/3,2021-06-17 10:46:40,133,1557,6527,1147,950B,PIETRO BERETTA,z,,,
1419,S&B,11605/3,2021-06-16 13:30:12,130,9643,1475,1147,950B,PIETRO BERETTA,x,,,
1429,S&B,11605/3,2021-06-16 13:30:12,130,9643,4043,1147,950B,PIETRO BERETTA,,,,
1439,HP,11605/3,2021-06-16 13:30:12,130,9643,6610,1147,950B,PIETRO BERETTA,y,,,
1449,HP,11605/3,2021-06-16 13:30:12,130,9643,9151,1147,950B,PIETRO BERETTA,z,,,
1470,HP,11614/00,2021-06-16 15:45:24,132,12362,1480,1151,950B,PIETRO BERETTA,,,,
1509,S&B,11614/00,2021-06-16 15:45:25,132,9649,11787,1151,950B,PIETRO BERETTA,,,,
1471,S&B,12542/00,2021-06-16 15:45:24,132,15158,1480,1151,950B,PIETRO BERETTA,x,,,
1481,GFL,12542/00,2021-06-16 15:45:25,132,15076,4029,1151,950B,PIETRO BERETTA,y,,,
1491,HP,12542/00,2021-06-16 15:45:25,132,15158,6606,1151,950B,PIETRO BERETTA,z,,,
1522,GECO,12714/98,2021-06-17 10:46:40,133,17723,1475,1147,950B,PIETRO BERETTA,x,,,
1532,GECO,12714/98,2021-06-17 10:46:40,133,17641,3960,1147,950B,PIETRO BERETTA,y,,,
1541,GECO,12714/98,2021-06-17 10:46:40,133,14992,6609,1147,950B,PIETRO BERETTA,z,,,
1551,GECO,12714/98,2021-06-17 10:46:40,133,14992,9148,1147,950B,PIETRO BERETTA,,,,
1560,GECO,12714/98,2021-06-17 10:46:41,133,15074,11715,1147,950B,PIETRO BERETTA,,,,
1473,S&B,12907/4,2021-06-16 15:45:25,132,20366,1562,1151,950B,PIETRO BERETTA,x,,,
1482,FN,12907/4,2021-06-16 15:45:25,132,17790,3947,1151,950B,PIETRO BERETTA,y,,,
1492,HP,12907/4,2021-06-16 15:45:25,132,17790,6606,1151,950B,PIETRO BERETTA,z,,,
1502,GECO,12907/4,2021-06-16 15:45:25,132,17872,9155,1151,950B,PIETRO BERETTA,,,,
1512,S&B,12907/4,2021-06-16 15:45:25,132,17790,11787,1151,950B,PIETRO BERETTA,,,,
1480,GFL,12996/00,2021-06-16 15:45:25,132,12362,4029,1151,950B,PIETRO BERETTA,x,,,
1490,PMC,12996/00,2021-06-16 15:45:25,132,12362,6606,1151,950B,PIETRO BERETTA,y,,,
1500,PMC,12996/00,2021-06-16 15:45:25,132,12362,9155,1151,950B,PIETRO BERETTA,z,,,
1510,PMC,12996/00,2021-06-16 15:45:25,132,12362,11787,1151,950B,PIETRO BERETTA,,,,
1545,GECO,13078/00,2021-06-17 10:46:40,133,25734,6506,1147,950B,PIETRO BERETTA,x,,,
1555,GECO,13078/00,2021-06-17 10:46:41,133,25782,9087,1147,950B,PIETRO BERETTA,y,,,
1564,GECO,13078/00,2021-06-17 10:46:41,133,25724,11715,1147,950B,PIETRO BERETTA,z,,,
1420,GECO,13529/3,2021-06-16 13:30:12,130,12347,1393,1147,950B,PIETRO BERETTA,x,,,
1430,GECO,13529/3,2021-06-16 13:30:12,130,12429,4043,1147,950B,PIETRO BERETTA,z,,,
1440,GECO,13529/3,2021-06-16 13:30:12,130,12292,6610,1147,950B,PIETRO BERETTA,,,,
1450,GECO,13529/3,2021-06-16 13:30:12,130,12347,9151,1147,950B,PIETRO BERETTA,,,,
1459,GECO,13529/3,2021-06-16 13:30:12,130,9643,11719,1147,950B,PIETRO BERETTA,,,,
1460,S&B,13529/3,2021-06-16 13:30:12,130,12347,11801,1147,950B,PIETRO BERETTA,y,,,
1479,GFL,1458/98,2021-06-16 15:45:25,132,9731,4029,1151,950B,PIETRO BERETTA,,x,,
1489,GFL,1458/98,2021-06-16 15:45:25,132,9731,6606,1151,950B,PIETRO BERETTA,,y,,
1499,GFL,1458/98,2021-06-16 15:45:25,132,9731,9155,1151,950B,PIETRO BERETTA,,,,
1517,GECO,14759/99,2021-06-17 10:46:40,133,4205,1475,1147,950B,PIETRO BERETTA,,x,,
1546,GECO,14759/99,2021-06-17 10:46:40,133,1638,9148,1147,950B,PIETRO BERETTA,,y,,
1556,GECO,14759/99,2021-06-17 10:46:41,133,1638,11715,1147,950B,PIETRO BERETTA,,,,
1421,S&B,14931/3,2021-06-16 13:30:12,130,15078,1393,1147,950B,PIETRO BERETTA,,x,,
1431,HP,14931/3,2021-06-16 13:30:12,130,14996,3961,1147,950B,PIETRO BERETTA,,y,,
1441,HP,14931/3,2021-06-16 13:30:12,130,15078,6529,1147,950B,PIETRO BERETTA,,,,
1483,GECO,1512/5,2021-06-16 15:45:25,132,20449,4029,1151,950B,PIETRO BERETTA,,x,,
1493,GFL,1512/5,2021-06-16 15:45:25,132,20449,6606,1151,950B,PIETRO BERETTA,,,,
1503,GECO,1512/5,2021-06-16 15:45:25,132,20531,9155,1151,950B,PIETRO BERETTA,,,,
1513,S&B,1512/5,2021-06-16 15:45:25,132,20531,11732,1151,950B,PIETRO BERETTA,,y,,
1468,GFL,15235/99,2021-06-16 15:45:24,132,6990,1480,1151,950B,PIETRO BERETTA,,x,,
1469,RWS,15235/99,2021-06-16 15:45:24,132,9605,1491,1151,950B,PIETRO BERETTA,,y,,
1477,GFL,15235/99,2021-06-16 15:45:25,132,4276,4029,1151,950B,PIETRO BERETTA,,,,
1478,GFL,15235/99,2021-06-16 15:45:25,132,6990,3947,1151,950B,PIETRO BERETTA,,,,
1487,GFL,15235/99,2021-06-16 15:45:25,132,4358,6606,1151,950B,PIETRO BERETTA,,,,
1488,GFL,15235/99,2021-06-16 15:45:25,132,6908,6606,1151,950B,PIETRO BERETTA,,,,
1497,GFL,15235/99,2021-06-16 15:45:25,132,4358,9238,1151,950B,PIETRO BERETTA,,,,
1498,GFL,15235/99,2021-06-16 15:45:25,132,7072,9155,1151,950B,PIETRO BERETTA,,,,
1507,GFL,15235/99,2021-06-16 15:45:25,132,4276,11869,1151,950B,PIETRO BERETTA,,,,
1508,GECO,15235/99,2021-06-16 15:45:25,132,6908,11787,1151,950B,PIETRO BERETTA,,,,
1520,S&B,15336/3,2021-06-17 10:46:40,133,12289,1475,1147,950B,PIETRO BERETTA,,x,,
1530,GECO,15336/3,2021-06-17 10:46:40,133,12371,4042,1147,950B,PIETRO BERETTA,,y,,
1540,GECO,15336/3,2021-06-17 10:46:40,133,12207,6527,1147,950B,PIETRO BERETTA,,,,
1549,GECO,15336/3,2021-06-17 10:46:40,133,9675,9159,1147,950B,PIETRO BERETTA,,,,
1550,GECO,15336/3,2021-06-17 10:46:40,133,12371,9094,1147,950B,PIETRO BERETTA,,,,
1558,GECO,15336/3,2021-06-17 10:46:41,133,9640,11715,1147,950B,PIETRO BERETTA,,,,
1519,HP,16050/3,2021-06-17 10:46:40,133,9640,1475,1147,950B,PIETRO BERETTA,,x,,
1529,HP,16050/3,2021-06-17 10:46:40,133,9640,4042,1147,950B,PIETRO BERETTA,,y,,
1539,HP,16050/3,2021-06-17 10:46:40,133,9640,6609,1147,950B,PIETRO BERETTA,,,,
1433,HP,16872/3,2021-06-16 13:30:12,130,20432,3961,1147,950B,PIETRO BERETTA,,x,,
1443,HP,16872/3,2021-06-16 13:30:12,130,20432,6529,1147,950B,PIETRO BERETTA,,y,,
1453,HP,16872/3,2021-06-16 13:30:12,130,20432,9069,1147,950B,PIETRO BERETTA,,,,
1475,GFL,17187/4,2021-06-16 15:45:25,132,25876,1398,1151,950B,PIETRO BERETTA,,x,,
1485,GFL,17187/4,2021-06-16 15:45:25,132,25958,3947,1151,950B,PIETRO BERETTA,,y,,
1495,GECO,17187/4,2021-06-16 15:45:25,132,25958,6606,1151,950B,PIETRO BERETTA,,,,
1504,GECO,17187/4,2021-06-16 15:45:25,132,23162,9155,1151,950B,PIETRO BERETTA,,,,
1514,GFL,17187/4,2021-06-16 15:45:25,132,23245,11787,1151,950B,PIETRO BERETTA,,,,
1523,FC,1831/4,2021-06-17 10:46:40,133,20426,1475,1147,950B,PIETRO BERETTA,,x,,
1533,CBC,1831/4,2021-06-17 10:46:40,133,20372,3960,1147,950B,PIETRO BERETTA,,y,,
1543,GECO,1831/4,2021-06-17 10:46:40,133,20372,6609,1147,950B,PIETRO BERETTA,,,,
1525,GECO,2196/1,2021-06-17 10:46:40,133,25642,1393,1147,950B,PIETRO BERETTA,,,x,
1535,S&B,2196/1,2021-06-17 10:46:40,133,25724,3960,1147,950B,PIETRO BERETTA,,,,
1563,GFL,2196/1,2021-06-17 10:46:41,133,23075,11715,1147,950B,PIETRO BERETTA,,,,
1423,S&B,2276/1,2021-06-16 13:30:12,130,20432,1475,1147,950B,PIETRO BERETTA,,,x,
1432,GFL,2276/1,2021-06-16 13:30:12,130,17758,3998,1147,950B,PIETRO BERETTA,,,,
1442,GECO,2276/1,2021-06-16 13:30:12,130,17728,6529,1147,950B,PIETRO BERETTA,,,,
1452,S&B,2276/1,2021-06-16 13:30:12,130,17728,9069,1147,950B,PIETRO BERETTA,,,,
1462,GECO,2276/1,2021-06-16 13:30:12,130,17810,11637,1147,950B,PIETRO BERETTA,,,,
1527,FC,2952/00,2021-06-17 10:46:40,133,4287,4042,1147,950B,PIETRO BERETTA,,,x,
1537,FC,2952/00,2021-06-17 10:46:40,133,4369,6609,1147,950B,PIETRO BERETTA,,,,
1547,FC,2952/00,2021-06-17 10:46:40,133,4287,9230,1147,950B,PIETRO BERETTA,,,,
1518,WIN,2952/00A,2021-06-17 10:46:40,133,6927,1535,1147,950B,PIETRO BERETTA,,,x,
1528,GFL,2952/00A,2021-06-17 10:46:40,133,6909,4042,1147,950B,PIETRO BERETTA,,,,
1557,WIN,2952/00A,2021-06-17 10:46:41,133,4287,11715,1147,950B,PIETRO BERETTA,,,,
1472,GFL,3195/98,2021-06-16 15:45:24,132,17708,1480,1151,950B,PIETRO BERETTA,,,x,
1501,WIN,3195/98,2021-06-16 15:45:25,132,15158,9155,1151,950B,PIETRO BERETTA,,,,
1511,WIN,3195/98,2021-06-16 15:45:25,132,15076,11732,1151,950B,PIETRO BERETTA,,,,
1505,S&B,3256/5,2021-06-16 15:45:25,132,25876,9155,1151,950B,PIETRO BERETTA,,,x,
1515,FC,3256/5,2021-06-16 15:45:25,132,25876,11787,1151,950B,PIETRO BERETTA,,,,
1424,GECO,3748/98,2021-06-16 13:30:12,130,23164,1311,1147,950B,PIETRO BERETTA,,,x,
1434,GECO,3748/98,2021-06-16 13:30:12,130,23088,3950,1147,950B,PIETRO BERETTA,,,,
1444,GECO,3748/98,2021-06-16 13:30:12,130,23082,6610,1147,950B,PIETRO BERETTA,,,,
1454,GECO,3748/98,2021-06-16 13:30:12,130,23164,9151,1147,950B,PIETRO BERETTA,,,,
1463,GECO,3748/98,2021-06-16 13:30:12,130,20554,11695,1147,950B,PIETRO BERETTA,,,,
1418,GECO,4097/00,2021-06-16 13:30:12,130,6911,1393,1147,950B,PIETRO BERETTA,,,x,
1428,RWS,4097/00,2021-06-16 13:30:12,130,6911,4043,1147,950B,PIETRO BERETTA,,,,
1457,GECO,4097/00,2021-06-16 13:30:12,130,4371,11719,1147,950B,PIETRO BERETTA,,,,
1417,GECO,4682/00,2021-06-16 13:30:12,130,4289,1393,1147,950B,PIETRO BERETTA,,,x,
1446,HP,4682/00,2021-06-16 13:30:12,130,1639,9069,1147,950B,PIETRO BERETTA,,,,
1456,S&B,4682/00,2021-06-16 13:30:12,130,1721,11637,1147,950B,PIETRO BERETTA,,,,
1438,GECO,5253/98,2021-06-16 13:30:12,130,6993,6529,1147,950B,PIETRO BERETTA,x,,,
1448,GECO,5253/98,2021-06-16 13:30:12,130,6829,9069,1147,950B,PIETRO BERETTA,y,,,
1458,GECO,5253/98,2021-06-16 13:30:12,130,6911,11637,1147,950B,PIETRO BERETTA,z,,,
1542,GFL,5715/1,2021-06-17 10:46:40,133,17723,6609,1147,950B,PIETRO BERETTA,a,,,
1552,GFL,5715/1,2021-06-17 10:46:40,133,17805,9094,1147,950B,PIETRO BERETTA,b,,,
1561,GFL,5715/1,2021-06-17 10:46:41,133,17723,11633,1147,950B,PIETRO BERETTA,,,,
1416,RP,6043/1,2021-06-16 13:30:12,130,1721,1475,1147,950B,PIETRO BERETTA,a,,,
1426,GECO,6043/1,2021-06-16 13:30:12,130,1639,3961,1147,950B,PIETRO BERETTA,b,,,
1436,S&B,6043/1,2021-06-16 13:30:12,130,1557,6610,1147,950B,PIETRO BERETTA,,,,
1534,HP,6580/98,2021-06-17 10:46:40,133,22993,3960,1147,950B,PIETRO BERETTA,a,,,
1544,HP,6580/98,2021-06-17 10:46:40,133,23075,6527,1147,950B,PIETRO BERETTA,b,,,
1554,HP,6580/98,2021-06-17 10:46:40,133,23075,9148,1147,950B,PIETRO BERETTA,,,,
1425,S&B,6883/1,2021-06-16 13:30:12,130,25732,1393,1147,950B,PIETRO BERETTA,a,,,
1435,GECO,6883/1,2021-06-16 13:30:12,130,25766,3926,1147,950B,PIETRO BERETTA,b,,,
1464,GECO,6883/1,2021-06-16 13:30:12,130,23184,11767,1147,950B,PIETRO BERETTA,,,,
1445,GFL,6884/1,2021-06-16 13:30:12,130,25868,6529,1147,950B,PIETRO BERETTA,a,,,
1455,GECO,6884/1,2021-06-16 13:30:12,130,25732,9151,1147,950B,PIETRO BERETTA,b,,,
1465,S&B,6884/1,2021-06-16 13:30:12,130,25814,11719,1147,950B,PIETRO BERETTA,,,,
1427,PMP,7008/1,2021-06-16 13:30:12,130,4371,3961,1147,950B,PIETRO BERETTA,a,,,
1437,PMP,7008/1,2021-06-16 13:30:12,130,4371,6610,1147,950B,PIETRO BERETTA,b,,,
1447,GECO,7008/1,2021-06-16 13:30:12,130,4371,9069,1147,950B,PIETRO BERETTA,,,,
1474,GFL,7792/5,2021-06-16 15:45:25,132,23162,1316,1151,950B,PIETRO BERETTA,a,,,
1484,GFL,7792/5,2021-06-16 15:45:25,132,23162,4029,1151,950B,PIETRO BERETTA,b,,,
1494,GFL,7792/5,2021-06-16 15:45:25,132,23162,6524,1151,950B,PIETRO BERETTA,,,,
1467,RP,7796/1,2021-06-16 15:45:24,132,4276,1316,1151,950B,PIETRO BERETTA,a,,,
1496,RP,7796/1,2021-06-16 15:45:25,132,1562,9155,1151,950B,PIETRO BERETTA,b,,,
1506,RP,7796/1,2021-06-16 15:45:25,132,1645,11787,1151,950B,PIETRO BERETTA,,,,
1466,GFL,8343/1,2021-06-16 15:45:24,132,1645,1398,1151,950B,PIETRO BERETTA,a,,,
1476,GFL,8343/1,2021-06-16 15:45:25,132,1645,4029,1151,950B,PIETRO BERETTA,b,,,
1486,GFL,8343/1,2021-06-16 15:45:25,132,1645,6688,1151,950B,PIETRO BERETTA,,,,
1521,GECO,8768/00,2021-06-17 10:46:40,133,14910,1393,1147,950B,PIETRO BERETTA,a,,,
1531,GECO,8768/00,2021-06-17 10:46:40,133,14910,3960,1147,950B,PIETRO BERETTA,b,,,
1559,GECO,8768/00,2021-06-17 10:46:41,133,12371,11715,1147,950B,PIETRO BERETTA,,,,
1538,S&B,8925/1,2021-06-17 10:46:40,133,6909,6609,1147,950B,PIETRO BERETTA,,,,
1548,S&B,8925/1,2021-06-17 10:46:40,133,6975,9207,1147,950B,PIETRO BERETTA,,,,
1422,GFL,9517/1,2021-06-16 13:30:12,130,17728,1393,1147,950B,PIETRO BERETTA,,,,
1451,GECO,9517/1,2021-06-16 13:30:12,130,14996,9069,1147,950B,PIETRO BERETTA,,,,
1461,GFL,9517/1,2021-06-16 13:30:12,130,15078,11555,1147,950B,PIETRO BERETTA,,,,
1619,GFL,10347/00,2021-06-18 11:11:07,136,15163,1555,1145,BABY,FN,x,,,
1629,GFL,10347/00,2021-06-18 11:11:07,136,15081,4200,1145,BABY,FN,y,,,
1658,GFL,10347/00,2021-06-18 11:11:08,136,12436,11809,1145,BABY,FN,,,,
1614,HP,11508/97,2021-06-18 11:11:07,136,1718,1636,1145,BABY,FN,x,,,
1624,FN,11508/97,2021-06-18 11:11:07,136,1718,4118,1145,BABY,FN,y,,,
1634,HP,11508/97,2021-06-18 11:11:07,136,1718,6763,1145,BABY,FN,,,,
1566,GFL,12442/98,2021-06-18 8:27:58,135,4202,1392,1146,BABY,FN,x,,,
1595,GFL,12442/98,2021-06-18 8:27:58,135,1555,9169,1146,BABY,FN,y,,,
1605,GFL,12442/98,2021-06-18 8:27:59,135,1637,11707,1146,BABY,FN,,,,
1574,FC,12710/3,2021-06-18 8:27:58,135,25733,1474,1146,BABY,FN,x,,,
1584,LAPUA,12710/3,2021-06-18 8:27:58,135,25787,3957,1146,BABY,FN,y,,,
1603,FC,12710/3,2021-06-18 8:27:59,135,23168,9169,1146,BABY,FN,,,,
1612,LAPUA,12710/3,2021-06-18 8:27:59,135,23086,11652,1146,BABY,FN,,,,
1571,GFL,12756/98,2021-06-18 8:27:58,135,17792,1555,1146,BABY,FN,x,,,
1610,GFL,12756/98,2021-06-18 8:27:59,135,15090,11707,1146,BABY,FN,y,,,
1573,GFL,1334/4,2021-06-18 8:27:58,135,23086,1310,1146,BABY,FN,x,,,
1583,GFL,1334/4,2021-06-18 8:27:58,135,23004,3957,1146,BABY,FN,,,,
1593,S&B,1334/4,2021-06-18 8:27:58,135,23086,6604,1146,BABY,FN,y,,,
1588,GFL,13478/99,2021-06-18 8:27:58,135,9633,6604,1146,BABY,FN,x,,,
1598,GECO,13478/99,2021-06-18 8:27:58,135,9633,9087,1146,BABY,FN,y,,,
1608,GECO,13478/99,2021-06-18 8:27:59,135,9633,11707,1146,BABY,FN,,,,
1626,GFL,15754/99,2021-06-18 11:11:07,136,7124,4211,1145,BABY,FN,x,,,
1636,RWS,15754/99,2021-06-18 11:11:07,136,7075,6748,1145,BABY,FN,y,,,
1646,RWS,15754/99,2021-06-18 11:11:08,136,7075,9309,1145,BABY,FN,,,,
1618,GFL,1615/1,2021-06-18 11:11:07,136,12436,1718,1145,BABY,FN,x,,,
1647,RP,1615/1,2021-06-18 11:11:08,136,9709,9327,1145,BABY,FN,y,,,
1657,GECO,1615/1,2021-06-18 11:11:08,136,9709,11891,1145,BABY,FN,,,,
1594,GECO,2474/4,2021-06-18 8:27:58,135,25787,6522,1146,BABY,FN,x,,,
1604,GECO,2474/4,2021-06-18 8:27:59,135,25733,9087,1146,BABY,FN,,,,
1613,S&B,2474/4,2021-06-18 8:27:59,135,25733,11707,1146,BABY,FN,y,,,
1576,S&B,4013/00,2021-06-18 8:27:58,135,4366,4039,1146,BABY,FN,,x,,
1586,S&B,4013/00,2021-06-18 8:27:58,135,4366,6686,1146,BABY,FN,,y,,
1596,S&B,4013/00,2021-06-18 8:27:58,135,4366,9169,1146,BABY,FN,,,,
1623,GECO,405/00,2021-06-18 11:11:07,136,25717,1636,1145,BABY,FN,,x,,
1633,GECO,405/00,2021-06-18 11:11:07,136,25799,4200,1145,BABY,FN,,,,
1642,S&B,405/00,2021-06-18 11:11:07,136,23236,6682,1145,BABY,FN,,y,,
1652,S&B,405/00,2021-06-18 11:11:08,136,23154,9245,1145,BABY,FN,,,,
1662,S&B,405/00,2021-06-18 11:11:08,136,23154,11891,1145,BABY,FN,,,,
1615,S&B,4335/4,2021-06-18 11:11:07,136,4364,1555,1145,BABY,FN,,x,,
1625,CBC,4335/4,2021-06-18 11:11:07,136,4364,4118,1145,BABY,FN,,,,
1635,GFL,4335/4,2021-06-18 11:11:07,136,4441,6651,1145,BABY,FN,,y,,
1644,FN,4335/4,2021-06-18 11:11:08,136,1636,9327,1145,BABY,FN,,,,
1654,FN,4335/4,2021-06-18 11:11:08,136,1800,11809,1145,BABY,FN,,,,
1577,WIN,4926/99,2021-06-18 8:27:58,135,7013,4120,1146,BABY,FN,,x,,
1587,WIN,4926/99,2021-06-18 8:27:58,135,7068,6604,1146,BABY,FN,,y,,
1597,WIN,4926/99,2021-06-18 8:27:58,135,6931,9251,1146,BABY,FN,,,,
1570,S&B,5053/98,2021-06-18 8:27:58,135,15090,1555,1146,BABY,FN,,x,,
1599,S&B,5053/98,2021-06-18 8:27:58,135,12316,9195,1146,BABY,FN,,y,,
1609,S&B,5053/98,2021-06-18 8:27:59,135,12361,11707,1146,BABY,FN,,,,
1622,GECO,5449/00,2021-06-18 11:11:07,136,23236,1555,1145,BABY,FN,,x,,
1631,GECO,5449/00,2021-06-18 11:11:07,136,20509,4118,1145,BABY,FN,,,,
1632,GECO,5449/00,2021-06-18 11:11:07,136,23072,4118,1145,BABY,FN,,,,
1641,GFL,5449/00,2021-06-18 11:11:07,136,20509,6682,1145,BABY,FN,,y,,
1651,GECO,5449/00,2021-06-18 11:11:08,136,20590,9245,1145,BABY,FN,,,,
1661,GECO,5449/00,2021-06-18 11:11:08,136,20509,11727,1145,BABY,FN,,,,
1569,GECO,5569/00,2021-06-18 8:27:58,135,12316,1514,1146,BABY,FN,,x,,
1579,GECO,5569/00,2021-06-18 8:27:58,135,12361,4039,1146,BABY,FN,,y,,
1589,GECO,5569/00,2021-06-18 8:27:58,135,12280,6604,1146,BABY,FN,,,,
1582,GFL,6420/99,2021-06-18 8:27:58,135,20275,3957,1146,BABY,FN,,x,,
1592,GFL,6420/99,2021-06-18 8:27:58,135,20521,6604,1146,BABY,FN,,,,
1602,HP,6420/99,2021-06-18 8:27:59,135,20439,9169,1146,BABY,FN,,y,,
1617,GECO,6872/1,2021-06-18 11:11:07,136,9709,1636,1145,BABY,FN,,x,,
1627,FC,6872/1,2021-06-18 11:11:07,136,9709,4200,1145,BABY,FN,,y,,
1637,RP,6872/1,2021-06-18 11:11:07,136,9791,6763,1145,BABY,FN,,,,
1656,GECO,6872/1,2021-06-18 11:11:08,136,7009,11809,1145,BABY,FN,,,,
1580,GFL,7051/98,2021-06-18 8:27:58,135,15008,4039,1146,BABY,FN,,x,,
1590,GECO,7051/98,2021-06-18 8:27:58,135,15008,6604,1146,BABY,FN,,,,
1600,S&B,7051/98,2021-06-18 8:27:59,135,15090,9169,1146,BABY,FN,,y,,
1643,GFL,7144/4,2021-06-18 11:11:08,136,25799,6682,1145,BABY,FN,,,x,
1653,RP,7144/4,2021-06-18 11:11:08,136,25799,9327,1145,BABY,FN,,,,
1663,S&B,7144/4,2021-06-18 11:11:08,136,25881,11891,1145,BABY,FN,,,,
1620,S&B,7516/1,2021-06-18 11:11:07,136,17809,1636,1145,BABY,FN,,,x,
1630,S&B,7516/1,2021-06-18 11:11:07,136,17809,4200,1145,BABY,FN,,,,
1640,S&B,7516/1,2021-06-18 11:11:07,136,17809,6763,1145,BABY,FN,,,,
1565,GECO,7519/99,2021-06-18 8:27:58,135,1637,1392,1146,BABY,FN,,,x,
1575,GFL,7519/99,2021-06-18 8:27:58,135,1555,3957,1146,BABY,FN,,,,
1585,GFL,7519/99,2021-06-18 8:27:58,135,1555,6604,1146,BABY,FN,,,,
1572,GECO,7696/1,2021-06-18 8:27:58,135,20357,1474,1146,BABY,FN,,,x,
1581,CCI,7696/1,2021-06-18 8:27:58,135,17700,4026,1146,BABY,FN,,,,
1591,GECO,7696/1,2021-06-18 8:27:58,135,17792,6604,1146,BABY,FN,,,,
1601,S&B,7696/1,2021-06-18 8:27:59,135,17710,9087,1146,BABY,FN,,,,
1611,GFL,7696/1,2021-06-18 8:27:59,135,17792,11707,1146,BABY,FN,,,,
1639,GECO,8172/00,2021-06-18 11:11:07,136,15163,6682,1145,BABY,FN,,,x,
1649,GFL,8172/00,2021-06-18 11:11:08,136,15163,9245,1145,BABY,FN,,,,
1659,GECO,8172/00,2021-06-18 11:11:08,136,15163,11809,1145,BABY,FN,,,,
1628,FC,8303/98,2021-06-18 11:11:07,136,12354,4200,1145,BABY,FN,,,x,
1638,FC,8303/98,2021-06-18 11:11:07,136,12354,6763,1145,BABY,FN,,,,
1648,FC,8303/98,2021-06-18 11:11:08,136,12518,9327,1145,BABY,FN,,,,
1567,GECO,8463/99,2021-06-18 8:27:58,135,6931,1474,1146,BABY,FN,,,x,
1606,GECO,8463/99,2021-06-18 8:27:59,135,4366,11788,1146,BABY,FN,,,,
1621,GECO,8474/00,2021-06-18 11:11:07,136,20509,1636,1145,BABY,FN,,,x,
1650,GECO,8474/00,2021-06-18 11:11:08,136,17890,9245,1145,BABY,FN,,,,
1660,GECO,8474/00,2021-06-18 11:11:08,136,17890,11891,1145,BABY,FN,,,,
1616,GECO,8981/1,2021-06-18 11:11:07,136,7100,1504,1145,BABY,FN,,,x,
1645,GECO,8981/1,2021-06-18 11:11:08,136,4466,9285,1145,BABY,FN,,,,
1655,GECO,8981/1,2021-06-18 11:11:08,136,4417,11822,1145,BABY,FN,,,,
1568,S&B,9795/00,2021-06-18 8:27:58,135,9633,1474,1146,BABY,FN,,,x,
1578,S&B,9795/00,2021-06-18 8:27:58,135,9551,4039,1146,BABY,FN,,,,
1607,S&B,9795/00,2021-06-18 8:27:59,135,7013,11788,1146,BABY,FN,,,,
1045,S&B,10010/2,2021-06-07 15:42:07,107,25490,9088,1156,GT28,TANFOGLIO,x,,,
1055,GFL,10010/2,2021-06-07 15:42:07,107,25570,11643,1156,GT28,TANFOGLIO,y,,,
1027,GFL,10015/2,2021-06-07 15:42:07,107,4033,6668,1156,GT28,TANFOGLIO,z,,,
1037,S&B,10015/2,2021-06-07 15:42:07,107,4033,9169,1156,GT28,TANFOGLIO,,,,
1047,GECO,10015/2,2021-06-07 15:42:07,107,4033,11804,1156,GT28,TANFOGLIO,,,,
629,S&B,10043/03,2021-05-19 10:57:23,78,9567,6830,1161,GT28,TANFOGLIO,x,,,
639,S&B,10043/03,2021-05-19 10:57:23,78,9484,9401,1161,GT28,TANFOGLIO,z,,,
649,S&B,10043/03,2021-05-19 10:57:23,78,9567,11890,1161,GT28,TANFOGLIO,y,,,
613,RP,10069/03,2021-05-19 10:57:23,78,20268,1631,1161,GT28,TANFOGLIO,x,,,
623,S&B,10069/03,2021-05-19 10:57:23,78,20268,4203,1161,GT28,TANFOGLIO,y,,,
652,GFL,10069/03,2021-05-19 10:57:23,78,17724,11890,1161,GT28,TANFOGLIO,z,,,
731,GFL,10332/02,2021-05-24 10:52:45,82,15228,6756,1135,GT28,TANFOGLIO,x,,,
741,GFL,10332/02,2021-05-24 10:52:45,82,15173,9248,1135,GT28,TANFOGLIO,y,,,
751,GFL,10332/02,2021-05-24 10:52:46,82,15311,11878,1135,GT28,TANFOGLIO,z,,,
945,S&B,10363/02,2021-05-27 15:47:39,93,25964,9245,1135,GT28,TANFOGLIO,,,,
955,S&B,10363/02,2021-05-27 15:47:39,93,25964,11875,1135,GT28,TANFOGLIO,,,,
734,S&B,10456/02,2021-05-24 10:52:45,82,23230,6673,1135,GT28,TANFOGLIO,x,,,
744,S&B,10456/02,2021-05-24 10:52:46,82,23230,9248,1135,GT28,TANFOGLIO,y,,,
754,S&B,10456/02,2021-05-24 10:52:46,82,23396,11878,1135,GT28,TANFOGLIO,z,,,
910,S&B,10646/02,2021-05-27 15:47:38,93,12511,1716,1135,GT28,TANFOGLIO,x,,,
911,S&B,10646/02,2021-05-27 15:47:38,93,15169,1716,1135,GT28,TANFOGLIO,z,,,
920,GECO,10646/02,2021-05-27 15:47:38,93,12511,4373,1135,GT28,TANFOGLIO,y,,,
921,S&B,10646/02,2021-05-27 15:47:38,93,15169,4207,1135,GT28,TANFOGLIO,,,,
930,S&B,10646/02,2021-05-27 15:47:39,93,12511,6837,1135,GT28,TANFOGLIO,,,,
940,S&B,10646/02,2021-05-27 15:47:39,93,12511,9411,1135,GT28,TANFOGLIO,,,,
950,GECO,10646/02,2021-05-27 15:47:39,93,12511,11958,1135,GT28,TANFOGLIO,,,,
757,GECO,1079/02,2021-05-24 13:42:35,83,4210,1551,1135,GT28,TANFOGLIO,x,,,
786,WIN,1079/02,2021-05-24 13:42:35,83,1551,9333,1135,GT28,TANFOGLIO,y,,,
796,S&B,1079/02,2021-05-24 13:42:35,83,1551,12047,1135,GT28,TANFOGLIO,z,,,
627,HP,10796/03,2021-05-19 10:57:23,78,4203,6830,1161,GT28,TANFOGLIO,x,,,
637,HP,10796/03,2021-05-19 10:57:23,78,4120,9401,1161,GT28,TANFOGLIO,y,,,
647,HP,10796/03,2021-05-19 10:57:23,78,4203,11973,1161,GT28,TANFOGLIO,z,,,
1008,HP,10802/2,2021-06-07 15:42:07,107,6668,1479,1156,GT28,TANFOGLIO,,,,
1018,S&B,10802/2,2021-06-07 15:42:07,107,6668,3953,1156,GT28,TANFOGLIO,,,,
660,S&B,10807/03,2021-05-19 13:53:15,79,12195,1421,1235,GT28,TANFOGLIO,,x,,
670,S&B,10807/03,2021-05-19 13:53:15,79,12182,4079,1199,GT28,TANFOGLIO,,y,,
699,S&B,10807/03,2021-05-19 13:53:15,79,9552,11717,1137,GT28,TANFOGLIO,,,,
1062,HP,10812/2,2021-06-08 9:07:52,108,1402,1321,1159,GT28,TANFOGLIO,,x,,
1072,GFL,10812/2,2021-06-08 9:07:52,108,1321,3883,1159,GT28,TANFOGLIO,,y,,
1112,GFL,10812/2,2021-06-08 9:45:41,108,1360,6536,1159,GT28,TANFOGLIO,,,,
858,RP,10940/03,2021-05-27 14:54:48,91,6667,1565,1161,GT28,TANFOGLIO,,x,,
868,GECO,10940/03,2021-05-27 14:54:48,91,6667,3968,1161,GT28,TANFOGLIO,,,,
887,S&B,10940/03,2021-05-27 14:54:48,91,3968,9150,1161,GT28,TANFOGLIO,,,,
897,WIN,10940/03,2021-05-27 14:54:49,91,3968,11714,1161,GT28,TANFOGLIO,,y,,
1071,GFL,10943/4,2021-06-08 9:07:52,108,25481,1321,1159,GT28,TANFOGLIO,,x,,
1081,GFL,10943/4,2021-06-08 9:07:52,108,25724,3883,1159,GT28,TANFOGLIO,,,,
1110,S&B,10943/4,2021-06-08 9:07:52,108,22919,11810,1159,GT28,TANFOGLIO,,y,,
878,S&B,10946/03,2021-05-27 14:54:48,91,6667,6613,1161,GT28,TANFOGLIO,,x,,
713,S&B,11/02,2021-05-24 10:52:45,82,20517,1467,1135,GT28,TANFOGLIO,,x,,
723,S&B,11/02,2021-05-24 10:52:45,82,20517,4042,1135,GT28,TANFOGLIO,,y,,
733,S&B,11/02,2021-05-24 10:52:45,82,20600,6673,1135,GT28,TANFOGLIO,,,,
743,S&B,11/02,2021-05-24 10:52:45,82,20600,9165,1135,GT28,TANFOGLIO,,,,
607,GECO,11136/03,2021-05-19 10:57:23,78,4120,1714,1161,GT28,TANFOGLIO,,x,,
617,S&B,11136/03,2021-05-19 10:57:23,78,4120,4286,1161,GT28,TANFOGLIO,,y,,
646,S&B,11136/03,2021-05-19 10:57:23,78,1548,11890,1161,GT28,TANFOGLIO,,,,
369,S&B,1114/03,2021-05-13 14:22:42,68,4101,1489,1228,GT28,TANFOGLIO,,x,,
370,S&B,1114/03,2021-05-13 14:22:42,68,1666,11753,1247,GT28,TANFOGLIO,,,,
396,G.F.L,1114/03,2021-05-13 14:22:42,68,1572,9245,1213,GT28,TANFOGLIO,,y,,
860,S&B,11141/03,2021-05-27 14:54:48,91,12119,1404,1161,GT28,TANFOGLIO,,x,,
889,HP,11141/03,2021-05-27 14:54:49,91,9393,9150,1161,GT28,TANFOGLIO,,y,,
899,S&B,11141/03,2021-05-27 14:54:49,91,9312,11714,1161,GT28,TANFOGLIO,,,,
615,S&B,11146/03,2021-05-19 10:57:23,78,25467,1631,1161,GT28,TANFOGLIO,,x,,
644,GFL,11146/03,2021-05-19 10:57:23,78,23006,9318,1161,GT28,TANFOGLIO,,y,,
654,GECO,11146/03,2021-05-19 10:57:23,78,23006,11973,1161,GT28,TANFOGLIO,,,,
665,GFL,11170/03,2021-05-19 13:53:15,79,25653,1407,1137,GT28,TANFOGLIO,,,x,
675,GECO,11170/03,2021-05-19 13:53:15,79,25788,3870,1137,GT28,TANFOGLIO,,,,
704,LE,11170/03,2021-05-19 13:53:15,79,23082,11636,1137,GT28,TANFOGLIO,,,,
633,WIN,11222/03,2021-05-19 10:57:23,78,20351,6747,1161,GT28,TANFOGLIO,,,x,
643,WIN,11222/03,2021-05-19 10:57:23,78,20268,9318,1161,GT28,TANFOGLIO,,,,
653,S&B,11222/03,2021-05-19 10:57:23,78,20351,11890,1161,GT28,TANFOGLIO,,,,
673,S&B,11236/03,2021-05-19 13:53:15,79,20271,4096,1191,GT28,TANFOGLIO,,,x,
683,HP,11236/03,2021-05-19 13:53:15,79,20268,6603,1137,GT28,TANFOGLIO,,,,
663,GECO,11244/03,2021-05-19 13:53:15,79,20268,1488,1137,GT28,TANFOGLIO,,,,
692,HP,11244/03,2021-05-19 13:53:15,79,17724,9173,1137,GT28,TANFOGLIO,,,,
702,HP,11244/03,2021-05-19 13:53:15,79,17643,11717,1137,GT28,TANFOGLIO,,,,
862,MRP,11362/03,2021-05-27 14:54:48,91,17571,1404,1161,GT28,TANFOGLIO,,,x,
872,MRP,11362/03,2021-05-27 14:54:48,91,17490,3968,1161,GT28,TANFOGLIO,,,,
901,MRP,11362/03,2021-05-27 14:54:49,91,14764,11633,1161,GT28,TANFOGLIO,,,,
436,GECO,1141/3,2021-05-14 13:16:46,70,1492,9249,1163,GT28,TANFOGLIO,,,x,
446,GECO,1141/3,2021-05-14 13:16:46,70,1410,11880,1163,GT28,TANFOGLIO,,,,
413,GECO,1147/3,2021-05-14 13:16:45,70,20298,1461,1212,GT28,TANFOGLIO,,,x,
423,S&B,1147/3,2021-05-14 13:16:45,70,20311,4019,1292,GT28,TANFOGLIO,,,,
433,LE,1147/3,2021-05-14 13:16:46,70,20479,6538,1173,GT28,TANFOGLIO,,,,
443,GFL,1147/3,2021-05-14 13:16:46,70,20441,9134,1233,GT28,TANFOGLIO,,,,
508,CBC,1149/03,2021-05-17 11:08:56,75,3973,1315,1154,GT28,TANFOGLIO,,,x,
537,CBC,1149/03,2021-05-17 11:08:57,75,1396,9154,1154,GT28,TANFOGLIO,,,,
547,GFL,1149/03,2021-05-17 11:08:57,75,1396,11650,1154,GT28,TANFOGLIO,,,,
1091,GFL,11540/4,2021-06-08 9:07:52,108,25643,6687,1159,GT28,TANFOGLIO,,,x,
1101,GFL,11540/4,2021-06-08 9:07:52,108,25562,9168,1159,GT28,TANFOGLIO,,,,
1111,S&B,11540/4,2021-06-08 9:07:52,108,25481,11810,1159,GT28,TANFOGLIO,,,,
626,GFL,11549/03,2021-05-19 10:57:23,78,1493,6830,1161,GT28,TANFOGLIO,,,x,
636,GFL,11549/03,2021-05-19 10:57:23,78,1548,9401,1161,GT28,TANFOGLIO,,,,
375,HP,11638/03,2021-05-13 14:22:42,68,25637,11804,1254,GT28,TANFOGLIO,,,,
403,Geco,11638/03,2021-05-13 14:22:42,68,25675,9164,1197,GT28,TANFOGLIO,,,,
625,GECO,11664/03,2021-05-19 10:57:23,78,25632,4203,1161,GT28,TANFOGLIO,,,x,
635,HP,11664/03,2021-05-19 10:57:23,78,25632,6747,1161,GT28,TANFOGLIO,,,,
645,S&B,11664/03,2021-05-19 10:57:23,78,25632,9235,1161,GT28,TANFOGLIO,,,,
655,HP,11664/03,2021-05-19 10:57:23,78,25715,11890,1161,GT28,TANFOGLIO,,,,
923,S&B,11836/02,2021-05-27 15:47:38,93,20511,4124,1135,GT28,TANFOGLIO,x,,,
933,S&B,11836/02,2021-05-27 15:47:39,93,20511,6754,1135,GT28,TANFOGLIO,y,,,
943,S&B,11836/02,2021-05-27 15:47:39,93,20594,9245,1135,GT28,TANFOGLIO,z,,,
606,RP,11890/03,2021-05-19 10:57:22,78,1493,1797,1161,GT28,TANFOGLIO,,,,
616,S&B,11890/03,2021-05-19 10:57:23,78,1493,4286,1161,GT28,TANFOGLIO,,,,
767,GECO,12/02,2021-05-24 13:42:35,83,4210,4210,1135,GT28,TANFOGLIO,x,,,
777,GECO,12/02,2021-05-24 13:42:35,83,4348,6758,1135,GT28,TANFOGLIO,y,,,
787,HP,12/02,2021-05-24 13:42:35,83,4348,9333,1135,GT28,TANFOGLIO,z,,,
669,GECO,12076/03,2021-05-19 13:53:15,79,9499,4079,1137,GT28,TANFOGLIO,a,,,
679,S&B,12076/03,2021-05-19 13:53:15,79,9547,6664,1137,GT28,TANFOGLIO,b,,,
689,S&B,12076/03,2021-05-19 13:53:15,79,9552,9173,1137,GT28,TANFOGLIO,,,,
712,PMC,12349/02,2021-05-24 10:52:45,82,17970,1634,1135,GT28,TANFOGLIO,a,,,
722,GFL,12349/02,2021-05-24 10:52:45,82,17886,4209,1135,GT28,TANFOGLIO,b,,,
732,FC,12349/02,2021-05-24 10:52:45,82,17886,6673,1135,GT28,TANFOGLIO,,,,
742,HP,12349/02,2021-05-24 10:52:45,82,17803,9331,1135,GT28,TANFOGLIO,,,,
752,GFL,12349/02,2021-05-24 10:52:46,82,17970,11878,1135,GT28,TANFOGLIO,,,,
759,HP,1242/02,2021-05-24 13:42:35,83,9638,1551,1135,GT28,TANFOGLIO,a,,,
769,S&B,1242/02,2021-05-24 13:42:35,83,9638,4127,1135,GT28,TANFOGLIO,b,,,
779,S&B,1242/02,2021-05-24 13:42:35,83,9721,6758,1135,GT28,TANFOGLIO,,,,
789,S&B,1242/02,2021-05-24 13:42:35,83,9721,9389,1135,GT28,TANFOGLIO,,,,
1053,RP,12571/2,2021-06-07 15:42:07,107,20193,11723,1156,GT28,TANFOGLIO,a,,,
1070,HP,12571/4,2021-06-08 9:07:52,108,22839,1321,1159,GT28,TANFOGLIO,b,,,
1080,GECO,12571/4,2021-06-08 9:07:52,108,22839,3964,1159,GT28,TANFOGLIO,,,,
1090,S&B,12571/4,2021-06-08 9:07:52,108,22839,6606,1159,GT28,TANFOGLIO,,,,
1100,HP,12571/4,2021-06-08 9:07:52,108,22839,9168,1159,GT28,TANFOGLIO,,,,
1109,GFL,12571/4,2021-06-08 9:07:52,108,20115,11729,1159,GT28,TANFOGLIO,,,,
1063,GECO,12789/4,2021-06-08 9:07:52,108,4045,1402,1159,GT28,TANFOGLIO,a,,,
1102,GECO,12789/4,2021-06-08 9:07:52,108,1402,11729,1159,GT28,TANFOGLIO,b,,,
1114,GECO,12789/4,2021-06-08 9:45:41,108,1434,9110,1159,GT28,TANFOGLIO,,,,
406,RP,12940/3,2021-05-14 13:16:45,70,1467,1436,1204,GT28,TANFOGLIO,a,,,
416,RP,12940/3,2021-05-14 13:16:45,70,1329,4041,1160,GT28,TANFOGLIO,b,,,
426,RP,12940/3,2021-05-14 13:16:45,70,1410,6591,1174,GT28,TANFOGLIO,,,,
1014,RP,12982/2,2021-06-07 15:42:07,107,22828,1318,1156,GT28,TANFOGLIO,,,,
1024,RP,12982/2,2021-06-07 15:42:07,107,22828,3872,1156,GT28,TANFOGLIO,,,,
963,GFL,13/02,2021-05-28 8:49:21,98,20132,1233,1153,GT28,TANFOGLIO,a,,,
973,GECO,13/02,2021-05-28 8:49:21,98,20115,3791,1153,GT28,TANFOGLIO,b,,,
983,GFL,13/02,2021-05-28 8:49:21,98,20132,6353,1153,GT28,TANFOGLIO,,,,
710,S&B,13058/02,2021-05-24 10:52:45,82,12432,1634,1135,GT28,TANFOGLIO,a,,,
739,HP,13058/02,2021-05-24 10:52:45,82,9885,9331,1135,GT28,TANFOGLIO,b,,,
749,HP,13058/02,2021-05-24 10:52:46,82,9802,11878,1135,GT28,TANFOGLIO,,,,
1057,CCI,13171/2,2021-06-07 15:44:44,107,12029,4024,1156,GT28,TANFOGLIO,a,,,
1059,CCI,13171/2,2021-06-07 15:44:44,107,12101,6568,1156,GT28,TANFOGLIO,b,,,
1060,CCI,13171/2,2021-06-07 15:44:44,107,12077,9136,1156,GT28,TANFOGLIO,,,,
363,CCI,13210/03,2021-05-13 14:22:42,68,14926,6640,1268,GT28,TANFOGLIO,a,,,
384,Geco,13210/03,2021-05-13 14:22:42,68,14926,4077,1234,GT28,TANFOGLIO,b,,,
387,FC,13210/03,2021-05-13 14:22:42,68,14939,9177,1244,GT28,TANFOGLIO,,,,
1073,S&B,13214/4,2021-06-08 9:07:52,108,4045,3964,1159,GT28,TANFOGLIO,,,,
1083,S&B,13214/4,2021-06-08 9:07:52,108,3964,6444,1159,GT28,TANFOGLIO,,,,
1103,S&B,13214/4,2021-06-08 9:07:52,108,3964,11729,1159,GT28,TANFOGLIO,,,,
1115,GECO,13214/4,2021-06-08 9:45:41,108,4032,9061,1159,GT28,TANFOGLIO,,,,
386,PMC,13227/03,2021-05-13 14:22:42,68,20230,4102,1227,GT28,TANFOGLIO,,,,
398,Geco,13227/03,2021-05-13 14:22:42,68,20279,9164,1237,GT28,TANFOGLIO,,,,
399,HP,13227/03,2021-05-13 14:22:42,68,20332,6627,1217,GT28,TANFOGLIO,,,,
662,S&B,13242/03,2021-05-19 13:53:15,79,17643,1488,1137,GT28,TANFOGLIO,,,,
672,NNY,13242/03,2021-05-19 13:53:15,79,17584,4025,1168,GT28,TANFOGLIO,,,,
682,GFL,13242/03,2021-05-19 13:53:15,79,17643,6603,1137,GT28,TANFOGLIO,,,,
608,HP,13309/03,2021-05-19 10:57:23,78,6747,1714,1161,GT28,TANFOGLIO,,,,
618,RP,13309/03,2021-05-19 10:57:23,78,6830,4286,1161,GT28,TANFOGLIO,,,,
628,S&B,13309/03,2021-05-19 10:57:23,78,6830,6830,1161,GT28,TANFOGLIO,,,,
909,GFL,13320/02,2021-05-27 15:47:38,93,9799,1716,1135,GT28,TANFOGLIO,,,,
919,GECO,13320/02,2021-05-27 15:47:38,93,9882,4290,1135,GT28,TANFOGLIO,,,,
948,GECO,13320/02,2021-05-27 15:47:39,93,7169,11875,1135,GT28,TANFOGLIO,,,,
914,HP,13487/02,2021-05-27 15:47:38,93,23251,1550,1135,GT28,TANFOGLIO,,,,
924,GFL,13487/02,2021-05-27 15:47:38,93,23251,4124,1135,GT28,TANFOGLIO,,,,
953,S&B,13487/02,2021-05-27 15:47:39,93,20677,11792,1135,GT28,TANFOGLIO,,,,
581,GECO,13520/03,2021-05-18 10:50:11,76,15006,6599,1150,GT28,TANFOGLIO,,,,
591,GECO,13520/03,2021-05-18 10:50:11,76,15006,9173,1150,GT28,TANFOGLIO,,,,
601,GECO,13520/03,2021-05-18 10:50:11,76,15088,11720,1150,GT28,TANFOGLIO,,,,
664,GFL,13656/03,2021-05-19 13:53:15,79,23001,1326,1137,GT28,TANFOGLIO,,,,
674,HP,13656/03,2021-05-19 13:53:15,79,23001,4032,1137,GT28,TANFOGLIO,,,,
684,HP,13656/03,2021-05-19 13:53:15,79,23082,6603,1212,GT28,TANFOGLIO,,,,
693,FC,13656/03,2021-05-19 13:53:15,79,20349,9173,1137,GT28,TANFOGLIO,,,,
694,GFL,13656/03,2021-05-19 13:53:15,79,23001,9173,1137,GT28,TANFOGLIO,,,,
703,HP,13656/03,2021-05-19 13:53:15,79,20349,11798,1137,GT28,TANFOGLIO,,,,
658,HP,13660/03,2021-05-19 13:53:15,79,6765,1488,1170,GT28,TANFOGLIO,,,,
687,HP,13660/03,2021-05-19 13:53:15,79,4194,9227,1137,GT28,TANFOGLIO,,,,
697,HP,13660/03,2021-05-19 13:53:15,79,4194,11798,1137,GT28,TANFOGLIO,,,,
516,GFL,1388/03,2021-05-17 11:08:56,75,25394,1315,1154,GT28,TANFOGLIO,,,,
526,GECO,1388/03,2021-05-17 11:08:57,75,25466,3835,1154,GT28,TANFOGLIO,,,,
545,S&B,1388/03,2021-05-17 11:08:57,75,22925,8993,1154,GT28,TANFOGLIO,,,,
555,GECO,1388/03,2021-05-17 11:08:57,75,22925,11650,1154,GT28,TANFOGLIO,,,,
985,CCI,1389/02,2021-05-28 8:49:21,98,25467,6434,1153,GT28,TANFOGLIO,,,,
995,GFL,1389/02,2021-05-28 8:49:21,98,25547,9007,1153,GT28,TANFOGLIO,,,,
564,S&B,1391/03,2021-05-18 10:50:11,76,20373,1397,1150,GT28,TANFOGLIO,,,,
565,S&B,1391/03,2021-05-18 10:50:11,76,23002,1397,1150,GT28,TANFOGLIO,,,,
573,S&B,1391/03,2021-05-18 10:50:11,76,20373,3971,1150,GT28,TANFOGLIO,,,,
574,S&B,1391/03,2021-05-18 10:50:11,76,23002,3971,1150,GT28,TANFOGLIO,,,,
583,S&B,1391/03,2021-05-18 10:50:11,76,20373,6599,1150,GT28,TANFOGLIO,,,,
592,GFL,1391/03,2021-05-18 10:50:11,76,17799,9091,1150,GT28,TANFOGLIO,,,,
593,S&B,1391/03,2021-05-18 10:50:11,76,20428,9173,1150,GT28,TANFOGLIO,,,,
602,S&B,1391/03,2021-05-18 10:50:11,76,17635,11720,1150,GT28,TANFOGLIO,,,,
603,S&B,1391/03,2021-05-18 10:50:11,76,20373,11720,1150,GT28,TANFOGLIO,,,,
614,HP,13982/03,2021-05-19 10:57:23,78,23006,1631,1161,GT28,TANFOGLIO,,,,
624,S&B,13982/03,2021-05-19 10:57:23,78,22923,4120,1161,GT28,TANFOGLIO,,,,
634,HP,13982/03,2021-05-19 10:57:23,78,23006,6747,1161,GT28,TANFOGLIO,,,,
566,GECO,14171/03,2021-05-18 10:50:11,76,25713,1397,1150,GT28,TANFOGLIO,,,,
575,GFL,14171/03,2021-05-18 10:50:11,76,25877,3888,1150,GT28,TANFOGLIO,,,,
585,S&B,14171/03,2021-05-18 10:50:11,76,25795,6517,1150,GT28,TANFOGLIO,,,,
1064,GFL,14683/4a,2021-06-08 9:07:52,108,6687,1321,1159,GT28,TANFOGLIO,,,,
1065,PMP,14683/4a,2021-06-08 9:07:52,108,9410,1321,1159,GT28,TANFOGLIO,,,,
1074,RP,14683/4a,2021-06-08 9:07:52,108,6768,3883,1159,GT28,TANFOGLIO,,,,
1084,PMP,14683/4a,2021-06-08 9:07:52,108,6768,6525,1159,GT28,TANFOGLIO,,,,
1094,S&B,14683/4a,2021-06-08 9:07:52,108,6687,9087,1159,GT28,TANFOGLIO,,,,
1075,RP,14683/4b,2021-06-08 9:07:52,108,9330,3883,1159,GT28,TANFOGLIO,,,,
1104,GFL,14683/4b,2021-06-08 9:07:52,108,6687,11648,1159,GT28,TANFOGLIO,,,,
1113,S&B,14683/4b,2021-06-08 9:45:41,108,9410,6444,1159,GT28,TANFOGLIO,,,,
661,SPEER,14925/03,2021-05-19 13:53:15,79,14991,1488,1137,GT28,TANFOGLIO,,,,
671,S&B,14925/03,2021-05-19 13:53:15,79,14921,4048,1261,GT28,TANFOGLIO,,,,
681,S&B,14925/03,2021-05-19 13:53:15,79,14910,6603,1137,GT28,TANFOGLIO,,,,
881,S&B,14929/03,2021-05-27 14:54:48,91,14683,6532,1161,GT28,TANFOGLIO,,,,
891,GFL,14929/03,2021-05-27 14:54:49,91,14845,9150,1161,GT28,TANFOGLIO,,,,
656,WIN,14930/03,2021-05-19 13:53:14,79,1488,1488,1137,GT28,TANFOGLIO,,,,
666,S&B,14930/03,2021-05-19 13:53:15,79,1424,4129,1208,GT28,TANFOGLIO,,,,
676,HP,14930/03,2021-05-19 13:53:15,79,1569,6684,1137,GT28,TANFOGLIO,,,,
686,S&B,14930/03,2021-05-19 13:53:15,79,1407,9227,1137,GT28,TANFOGLIO,,,,
595,S&B,15075/03,2021-05-18 10:50:11,76,25795,9009,1150,GT28,TANFOGLIO,,,,
605,S&B,15075/03,2021-05-18 10:50:11,76,25795,11720,1150,GT28,TANFOGLIO,,,,
861,CBC,15183/03,2021-05-27 14:54:48,91,14764,1404,1161,GT28,TANFOGLIO,,,,
871,CBC,15183/03,2021-05-27 14:54:48,91,14764,3887,1161,GT28,TANFOGLIO,,,,
900,RP,15183/03,2021-05-27 14:54:49,91,12038,11633,1161,GT28,TANFOGLIO,,,,
657,HP,15314/03,2021-05-19 13:53:15,79,4113,1488,1209,GT28,TANFOGLIO,,,,
667,GECO,15314/03,2021-05-19 13:53:15,79,4113,4113,1173,GT28,TANFOGLIO,,,,
677,RP,15314/03,2021-05-19 13:53:15,79,4194,6684,1137,GT28,TANFOGLIO,,,,
696,WIN,15314/03,2021-05-19 13:53:15,79,1488,11798,1137,GT28,TANFOGLIO,,,,
557,S&B,15334/03,2021-05-18 10:50:11,76,1643,1561,1150,GT28,TANFOGLIO,,,,
567,S&B,15334/03,2021-05-18 10:50:11,76,1643,4107,1150,GT28,TANFOGLIO,,,,
576,S&B,15334/03,2021-05-18 10:50:11,76,1561,6681,1150,GT28,TANFOGLIO,,,,
659,WIN,15374/03,2021-05-19 13:53:15,79,9552,1488,1137,GT28,TANFOGLIO,,,,
678,GFL,15374/03,2021-05-19 13:53:15,79,6927,6603,1137,GT28,TANFOGLIO,,,,
688,W-W,15374/03,2021-05-19 13:53:15,79,6846,9173,1137,GT28,TANFOGLIO,,,,
698,GFL,15374/03,2021-05-19 13:53:15,79,7009,11717,1137,GT28,TANFOGLIO,,,,
870,S&B,15427/03,2021-05-27 14:54:48,91,12038,4049,1161,GT28,TANFOGLIO,,,,
880,S&B,15427/03,2021-05-27 14:54:48,91,12038,6613,1161,GT28,TANFOGLIO,,,,
890,S&B,15427/03,2021-05-27 14:54:49,91,11957,9069,1161,GT28,TANFOGLIO,,,,
1068,S&B,15537/4,2021-06-08 9:07:52,108,17392,1321,1159,GT28,TANFOGLIO,,,,
1077,S&B,15537/4,2021-06-08 9:07:52,108,14749,3883,1159,GT28,TANFOGLIO,,,,
1078,HP,15537/4,2021-06-08 9:07:52,108,17473,3964,1159,GT28,TANFOGLIO,,,,
1087,WIN,15537/4,2021-06-08 9:07:52,108,14749,6525,1159,GT28,TANFOGLIO,,,,
1097,GECO,15537/4,2021-06-08 9:07:52,108,14749,9087,1159,GT28,TANFOGLIO,,,,
1107,GFL,15537/4,2021-06-08 9:07:52,108,14749,11648,1159,GT28,TANFOGLIO,,,,
632,SPEER,15851/03,2021-05-19 10:57:23,78,17558,6830,1161,GT28,TANFOGLIO,,,,
642,GFL,15851/03,2021-05-19 10:57:23,78,17641,9318,1161,GT28,TANFOGLIO,,,,
859,S&B,15885/03,2021-05-27 14:54:48,91,9231,1485,1161,GT28,TANFOGLIO,,,,
869,GFL,15885/03,2021-05-27 14:54:48,91,9312,4049,1161,GT28,TANFOGLIO,,,,
879,S&B,15885/03,2021-05-27 14:54:48,91,9312,6613,1161,GT28,TANFOGLIO,,,,
558,RP,16057/03,2021-05-18 10:50:11,76,4272,1561,1150,GT28,TANFOGLIO,,,,
568,GECO,16057/03,2021-05-18 10:50:11,76,4190,4107,1150,GT28,TANFOGLIO,,,,
577,RP,16057/03,2021-05-18 10:50:11,76,4354,6681,1150,GT28,TANFOGLIO,,,,
586,S&B,16057/03,2021-05-18 10:50:11,76,1643,9228,1150,GT28,TANFOGLIO,,,,
587,GECO,16057/03,2021-05-18 10:50:11,76,4354,9228,1150,GT28,TANFOGLIO,,,,
596,WIN,16057/03,2021-05-18 10:50:11,76,1725,11802,1150,GT28,TANFOGLIO,,,,
597,S&B,16057/03,2021-05-18 10:50:11,76,4272,11802,1150,GT28,TANFOGLIO,,,,
584,S&B,16118/03,2021-05-18 10:50:11,76,23002,6517,1150,GT28,TANFOGLIO,,,,
594,S&B,16118/03,2021-05-18 10:50:11,76,23084,9091,1150,GT28,TANFOGLIO,,,,
604,S&B,16118/03,2021-05-18 10:50:11,76,23166,11802,1150,GT28,TANFOGLIO,,,,
612,WIN,16119/03,2021-05-19 10:57:23,78,17641,1714,1161,GT28,TANFOGLIO,,,,
622,S&B,16119/03,2021-05-19 10:57:23,78,17558,4203,1161,GT28,TANFOGLIO,,,,
651,GECO,16119/03,2021-05-19 10:57:23,78,14932,11890,1161,GT28,TANFOGLIO,,,,
888,HP,16946/03,2021-05-27 14:54:49,91,6667,9150,1161,GT28,TANFOGLIO,,,,
898,HP,16946/03,2021-05-27 14:54:49,91,6613,11795,1161,GT28,TANFOGLIO,,,,
765,GECO,1701/03,2021-05-24 13:42:35,83,25812,1468,1135,GT28,TANFOGLIO,,,,
775,GFL,1701/03,2021-05-24 13:42:35,83,25950,4127,1135,GT28,TANFOGLIO,,,,
804,GECO,1701/03,2021-05-24 13:42:36,83,23153,11964,1135,GT28,TANFOGLIO,,,,
38,HP,1713/3,2021-05-11 12:51:01,47,1317,1375,1282,GT28,TANFOGLIO,,,,
267,WIN,1713/3,2021-05-12 9:07:38,50,1322,1402,1149,GT28,TANFOGLIO,,,,
269,WIN,1713/3,2021-05-12 9:38:41,55,1307,1254,1320,GT28,TANFOGLIO,,,,
304,HP,1713/3,2021-05-13 10:28:08,67,1286,1381,1201,GT28,TANFOGLIO,,,,
536,S&B,1715/03,2021-05-17 11:08:57,75,25555,6443,1154,GT28,TANFOGLIO,,,,
546,S&B,1715/03,2021-05-17 11:08:57,75,25475,8993,1154,GT28,TANFOGLIO,,,,
556,S&B,1715/03,2021-05-17 11:08:57,75,25555,11570,1154,GT28,TANFOGLIO,,,,
1031,GECO,1749/2,2021-06-07 15:42:07,107,14762,6588,1156,GT28,TANFOGLIO,,,,
1041,GECO,1749/2,2021-06-07 15:42:07,107,14842,9088,1156,GT28,TANFOGLIO,,,,
1051,GECO,1749/2,2021-06-07 15:42:07,107,14842,11723,1156,GT28,TANFOGLIO,,,,
514,GFL,1896/03,2021-05-17 11:08:56,75,20133,1315,1154,GT28,TANFOGLIO,,,,
543,GFL,1896/03,2021-05-17 11:08:57,75,17475,8993,1154,GT28,TANFOGLIO,,,,
553,GFL,1896/03,2021-05-17 11:08:57,75,17475,11570,1154,GT28,TANFOGLIO,,,,
782,S&B,1949/02,2021-05-24 13:42:35,83,17808,6758,1135,GT28,TANFOGLIO,,,,
792,S&B,1949/02,2021-05-24 13:42:35,83,17808,9333,1135,GT28,TANFOGLIO,,,,
802,S&B,1949/02,2021-05-24 13:42:36,83,17808,11881,1135,GT28,TANFOGLIO,,,,
965,GFL,2043/02,2021-05-28 8:49:21,98,25333,1233,1153,GT28,TANFOGLIO,,,,
975,GECO,2043/02,2021-05-28 8:49:21,98,25467,3887,1153,GT28,TANFOGLIO,,,,
1004,GECO,2043/02,2021-05-28 8:49:21,98,22840,11554,1153,GT28,TANFOGLIO,,,,
778,GECO,2063/02,2021-05-24 13:42:35,83,7090,6758,1135,GT28,TANFOGLIO,,,,
788,GECO,2063/02,2021-05-24 13:42:35,83,6924,9250,1135,GT28,TANFOGLIO,,,,
798,GECO,2063/02,2021-05-24 13:42:36,83,7007,11881,1135,GT28,TANFOGLIO,,,,
976,FC,2170/02,2021-05-28 8:49:21,98,1314,6514,1153,GT28,TANFOGLIO,,,,
986,RP,2170/02,2021-05-28 8:49:21,98,1394,9007,1153,GT28,TANFOGLIO,,,,
735,GECO,224/02,2021-05-24 10:52:45,82,25971,6590,1135,GT28,TANFOGLIO,,,,
745,HP,224/02,2021-05-24 10:52:46,82,26027,9248,1135,GT28,TANFOGLIO,,,,
755,S&B,224/02,2021-05-24 10:52:46,82,26027,11795,1135,GT28,TANFOGLIO,,,,
529,S&B,2244/03,2021-05-17 11:08:57,75,6684,6523,1154,GT28,TANFOGLIO,,,,
539,S&B,2244/03,2021-05-17 11:08:57,75,6721,9107,1221,GT28,TANFOGLIO,,,,
549,NULL,2244/03,2021-05-17 11:08:57,75,6697,11636,1154,GT28,TANFOGLIO,,,,
524,GECO,2305/03,2021-05-17 11:08:57,75,20100,3883,1154,GT28,TANFOGLIO,,,,
534,GECO,2305/03,2021-05-17 11:08:57,75,20133,6443,1154,GT28,TANFOGLIO,,,,
544,GFL,2305/03,2021-05-17 11:08:57,75,20133,8993,1154,GT28,TANFOGLIO,,,,
42,G.F.L,2306/03,2021-05-11 12:51:01,47,11940,1343,1300,GT28,TANFOGLIO,,,,
265,HP,2306/03,2021-05-12 9:07:38,50,12034,1402,1149,GT28,TANFOGLIO,,,,
273,G.F.L,2306/3,2021-05-12 9:38:41,55,11989,1254,1320,GT28,TANFOGLIO,,,,
302,HP,2306/3,2021-05-13 10:28:08,67,11940,1268,1234,GT28,TANFOGLIO,,,,
358,S&B,2314/03,2021-05-13 14:22:41,68,4190,6691,1241,GT28,TANFOGLIO,,,,
372,FC,2314/03,2021-05-13 14:22:42,68,4229,4153,1200,GT28,TANFOGLIO,,,,
401,G.F.L,2314/03,2021-05-13 14:22:42,68,4241,9215,1201,GT28,TANFOGLIO,,,,
65,Geco,2407/03,2021-05-11 14:32:56,51,6678,1336,1336,GT28,TANFOGLIO,,,,
170,Geco,2407/03,2021-05-12 8:13:50,49,6733,1337,1259,GT28,TANFOGLIO,,,,
279,Geco,2407/03,2021-05-12 11:13:51,63,6651,1525,1241,GT28,TANFOGLIO,,,,
1061,CCI,2455/02,2021-06-07 15:44:44,107,1318,11723,1156,GT28,TANFOGLIO,,,,
1007,CCI,2455/2,2021-06-07 15:42:07,107,3953,1560,1156,GT28,TANFOGLIO,,,,
1056,GECO,2455/2,2021-06-07 15:44:44,107,4017,4048,1156,GT28,TANFOGLIO,,,,
510,S&B,2481/03,2021-05-17 11:08:56,75,9234,1396,1154,GT28,TANFOGLIO,,,,
520,S&B,2481/03,2021-05-17 11:08:56,75,9234,3973,1154,GT28,TANFOGLIO,,,,
530,S&B,2481/03,2021-05-17 11:08:57,75,9315,6523,1154,GT28,TANFOGLIO,,,,
1033,GECO,250/2,2021-06-07 15:42:07,107,20112,6507,1156,GT28,TANFOGLIO,,,,
1043,GECO,250/2,2021-06-07 15:42:07,107,20274,9088,1156,GT28,TANFOGLIO,,,,
1058,GECO,250/2,2021-06-07 15:44:44,107,20137,3881,1156,GT28,TANFOGLIO,,,,
407,GFL,261/3,2021-05-14 13:16:45,70,4123,1329,1215,GT28,TANFOGLIO,,,,
417,S&B,261/3,2021-05-14 13:16:45,70,4076,4032,1222,GT28,TANFOGLIO,,,,
448,GFL,261/3,2021-05-14 13:16:46,70,6835,11718,1139,GT28,TANFOGLIO,,,,
762,GFL,2619/02,2021-05-24 13:42:35,83,17808,1468,1135,GT28,TANFOGLIO,,,,
772,GFL,2619/02,2021-05-24 13:42:35,83,17725,4210,1135,GT28,TANFOGLIO,,,,
801,GECO,2619/02,2021-05-24 13:42:36,83,15103,11859,1135,GT28,TANFOGLIO,,,,
761,HP,2626/02,2021-05-24 13:42:35,83,15011,1551,1135,GT28,TANFOGLIO,,,,
771,GECO,2626/02,2021-05-24 13:42:35,83,15149,4210,1135,GT28,TANFOGLIO,,,,
781,GECO,2626/02,2021-05-24 13:42:35,83,15094,6674,1135,GT28,TANFOGLIO,,,,
791,GECO,2626/02,2021-05-24 13:42:35,83,15128,9322,1135,GT28,TANFOGLIO,,,,
41,Geco,2711/03,2021-05-11 12:51:01,47,9344,1331,1293,GT28,TANFOGLIO,,,,
70,Geco,2711/3,2021-05-11 14:35:22,59,9276,1325,1325,GT28,TANFOGLIO,,,,
268,Geco,2711/3,2021-05-12 9:07:38,50,9322,1322,1149,GT28,TANFOGLIO,,,,
409,S&B,277/3,2021-05-14 13:16:45,70,9501,1358,1234,GT28,TANFOGLIO,,,,
419,S&B,277/3,2021-05-14 13:16:45,70,9591,3993,1245,GT28,TANFOGLIO,,,,
429,S&B,277/3,2021-05-14 13:16:45,70,9513,6615,1253,GT28,TANFOGLIO,,,,
450,S&B,277/3,2021-05-14 13:16:46,70,12239,11782,1211,GT28,TANFOGLIO,,,,
962,GFL,2845/02,2021-05-28 8:49:21,98,17398,1314,1153,GT28,TANFOGLIO,,,,
972,RP,2845/02,2021-05-28 8:49:21,98,17398,3807,1153,GT28,TANFOGLIO,,,,
982,GECO,2845/02,2021-05-28 8:49:21,98,17478,6434,1153,GT28,TANFOGLIO,,,,
440,GFL,286/3,2021-05-14 13:16:46,70,12381,9237,1139,GT28,TANFOGLIO,,,,
441,HP,286/3,2021-05-14 13:16:46,70,15000,9168,1226,GT28,TANFOGLIO,,,,
451,HP,286/3,2021-05-14 13:16:46,70,15003,11743,1210,GT28,TANFOGLIO,,,,
834,GFL,2897/02/01,2021-05-24 14:08:18,88,23316,6674,1135,GT28,TANFOGLIO,,,,
844,FC,2897/02/01,2021-05-24 14:08:19,88,23233,9249,1135,GT28,TANFOGLIO,,,,
854,GFL,2897/02/01,2021-05-24 14:08:19,88,23316,11879,1135,GT28,TANFOGLIO,,,,
815,S&B,2897/02/02,2021-05-24 14:08:18,88,25891,1468,1135,GT28,TANFOGLIO,,,,
825,FC,2897/02/02,2021-05-24 14:08:18,88,26030,4043,1135,GT28,TANFOGLIO,,,,
835,GFL,2897/02/02,2021-05-24 14:08:18,88,26030,6674,1135,GT28,TANFOGLIO,,,,
764,GECO,2906/02,2021-05-24 13:42:35,83,23153,1551,1135,GT28,TANFOGLIO,,,,
793,GECO,2906/02,2021-05-24 13:42:35,83,20439,9333,1135,GT28,TANFOGLIO,,,,
803,GECO,2906/02,2021-05-24 13:42:36,83,20439,11881,1135,GT28,TANFOGLIO,,,,
432,GFL,301/3,2021-05-14 13:16:46,70,17612,6563,1187,GT28,TANFOGLIO,,,,
442,S&B,301/3,2021-05-14 13:16:46,70,17676,9095,1183,GT28,TANFOGLIO,,,,
452,S&B,301/3,2021-05-14 13:16:46,70,17689,11730,1227,GT28,TANFOGLIO,,,,
411,HP,302/3,2021-05-14 13:16:45,70,14951,1449,1238,GT28,TANFOGLIO,,,,
421,S&B,302/3,2021-05-14 13:16:45,70,14822,3993,1186,GT28,TANFOGLIO,,,,
431,S&B,302/3,2021-05-14 13:16:46,70,14918,6510,1270,GT28,TANFOGLIO,,,,
66,S&B,3062/03,2021-05-11 14:32:56,51,9349,1336,1336,GT28,TANFOGLIO,,,,
169,S&B,3062/03,2021-05-12 8:13:50,49,9463,1264,1283,GT28,TANFOGLIO,,,,
277,HP,3062/03,2021-05-12 11:13:51,63,9387,1448,1206,GT28,TANFOGLIO,,,,
292,S&B,3062/03,2021-05-13 8:53:11,66,9430,3909,1261,GT28,TANFOGLIO,,,,
294,S&B,3062/03,2021-05-13 8:53:11,66,9495,1364,1206,GT28,TANFOGLIO,,,,
410,HP,309/3,2021-05-14 13:16:45,70,12239,1345,1266,GT28,TANFOGLIO,,,,
420,HP,309/3,2021-05-14 13:16:45,70,12206,4041,1139,GT28,TANFOGLIO,,,,
430,HP,309/3,2021-05-14 13:16:45,70,12287,6591,1193,GT28,TANFOGLIO,,,,
958,S&B,3150/02,2021-05-28 8:49:21,98,6595,1314,1153,GT28,TANFOGLIO,,,,
968,S&B,3150/02,2021-05-28 8:49:21,98,6675,3887,1153,GT28,TANFOGLIO,,,,
978,S&B,3150/02,2021-05-28 8:49:21,98,6675,6514,1153,GT28,TANFOGLIO,,,,
987,S&B,3150/02,2021-05-28 8:49:21,98,4048,9088,1153,GT28,TANFOGLIO,,,,
988,HP,3150/02,2021-05-28 8:49:21,98,6675,9007,1153,GT28,TANFOGLIO,,,,
997,S&B,3150/02,2021-05-28 8:49:21,98,4048,11634,1153,GT28,TANFOGLIO,,,,
418,CCI,3267/03,2021-05-14 13:16:45,70,6835,4123,1222,GT28,TANFOGLIO,,,,
427,S&B,3267/3,2021-05-14 13:16:45,70,4244,6602,1139,GT28,TANFOGLIO,,,,
428,CCI,3267/3,2021-05-14 13:16:45,70,6956,6628,1203,GT28,TANFOGLIO,,,,
438,CCI,3267/3,2021-05-14 13:16:46,70,6835,9249,1218,GT28,TANFOGLIO,,,,
67,Geco,3275/03,2021-05-11 14:32:56,51,12020,1336,1336,GT28,TANFOGLIO,,,,
172,Geco,3275/03,2021-05-12 8:13:50,49,12009,1323,1218,GT28,TANFOGLIO,,,,
278,WIN,3275/03,2021-05-12 11:13:51,63,11968,1534,1228,GT28,TANFOGLIO,,,,
290,Geco,3275/03,2021-05-13 8:53:11,66,12032,1494,1299,GT28,TANFOGLIO,,,,
298,HP,3275/03,2021-05-13 8:53:11,66,12041,3844,1213,GT28,TANFOGLIO,,,,
63,S&B,3305/3,2021-05-11 14:32:56,51,1336,1336,1336,GT28,TANFOGLIO,,,,
168,S&B,3305/3,2021-05-12 8:13:50,49,1311,1350,1257,GT28,TANFOGLIO,,,,
276,S&B,3305/3,2021-05-12 11:13:51,63,1446,1534,1234,GT28,TANFOGLIO,,,,
275,HP,3319/03,2021-05-12 11:13:51,63,4034,1479,1259,GT28,TANFOGLIO,,,,
293,Geco,3319/03,2021-05-13 8:53:11,66,6605,1316,1224,GT28,TANFOGLIO,,,,
297,Geco,3319/03,2021-05-13 8:53:11,66,6689,3863,1198,GT28,TANFOGLIO,,,,
414,S&B,349/3,2021-05-14 13:16:45,70,23037,1371,1188,GT28,TANFOGLIO,,,,
424,RWS,349/3,2021-05-14 13:16:45,70,23037,3980,1139,GT28,TANFOGLIO,,,,
434,RWS,349/3,2021-05-14 13:16:46,70,23050,6550,1147,GT28,TANFOGLIO,,,,
444,SPEER,349/3,2021-05-14 13:16:46,70,23164,9168,1188,GT28,TANFOGLIO,,,,
455,SPEER,349/3,2021-05-14 13:16:46,70,25801,11769,1205,GT28,TANFOGLIO,,,,
39,Geco,3525/03,2021-05-11 12:51:01,47,3950,1324,1273,GT28,TANFOGLIO,,,,
68,G.F.L,3525/3,2021-05-11 14:35:22,59,3976,1325,1325,GT28,TANFOGLIO,,,,
266,G.F.L,3525/3,2021-05-12 9:07:38,50,3953,1402,1149,GT28,TANFOGLIO,,,,
58,S&B,359/3,2021-05-11 14:29:08,59,1325,1325,1325,GT28,TANFOGLIO,,,,
270,Geco,359/3,2021-05-12 9:38:41,55,4093,1254,1320,GT28,TANFOGLIO,,,,
300,G.F.L,359/3,2021-05-13 10:28:08,67,3945,1331,1245,GT28,TANFOGLIO,,,,
291,S&B,3693/3,2021-05-13 8:53:11,66,1336,1270,1227,GT28,TANFOGLIO,,,,
295,S&B,3693/3,2021-05-13 8:53:11,66,1336,3844,1260,GT28,TANFOGLIO,,,,
71,S&B,3696/3,2021-05-11 14:35:22,59,11927,1325,1325,GT28,TANFOGLIO,,,,
264,Geco,372/3,2021-05-12 9:07:38,50,6598,1322,1149,GT28,TANFOGLIO,,,,
271,S&B,372/3,2021-05-12 9:38:41,55,6655,1307,1320,GT28,TANFOGLIO,,,,
303,Geco,372/3,2021-05-13 10:28:08,67,6566,1337,1219,GT28,TANFOGLIO,,,,
1005,S&B,3796/02,2021-05-28 8:49:21,98,25467,11554,1153,GT28,TANFOGLIO,,,,
989,GFL,3822/02,2021-05-28 8:49:21,98,9409,9088,1153,GT28,TANFOGLIO,,,,
999,GFL,3822/02,2021-05-28 8:49:21,98,9409,11634,1153,GT28,TANFOGLIO,,,,
40,REM,395/3,2021-05-11 12:51:01,47,6654,1343,1281,GT28,TANFOGLIO,,,,
69,S&B,395/3,2021-05-11 14:35:22,59,6626,1325,1325,GT28,TANFOGLIO,,,,
272,CBC,395/3,2021-05-12 9:38:41,55,9441,1281,1320,GT28,TANFOGLIO,,,,
301,G.F.L,395/3,2021-05-13 10:28:08,67,9250,1331,1214,GT28,TANFOGLIO,,,,
957,GFL,402/02,2021-05-28 8:49:21,98,3967,1314,1153,GT28,TANFOGLIO,,,,
967,GECO,402/02,2021-05-28 8:49:21,98,4048,3887,1153,GT28,TANFOGLIO,,,,
977,GECO,402/02,2021-05-28 8:49:21,98,3967,6434,1153,GT28,TANFOGLIO,,,,
996,GECO,402/02,2021-05-28 8:49:21,98,1474,11554,1153,GT28,TANFOGLIO,,,,
680,S&B,4080/03,2021-05-19 13:53:15,79,12123,6603,1137,GT28,TANFOGLIO,,,,
690,S&B,4080/03,2021-05-19 13:53:15,79,12285,9173,1137,GT28,TANFOGLIO,,,,
700,HP,4080/03,2021-05-19 13:53:15,79,12285,11717,1137,GT28,TANFOGLIO,,,,
956,GECO,4091/02,2021-05-28 8:49:21,98,1233,1394,1153,GT28,TANFOGLIO,,,,
966,GFL,4091/02,2021-05-28 8:49:21,98,1314,3967,1153,GT28,TANFOGLIO,,,,
515,CBC,4171/03,2021-05-17 11:08:56,75,22764,1235,1154,GT28,TANFOGLIO,,,,
525,S&B,4171/03,2021-05-17 11:08:57,75,22844,3892,1154,GT28,TANFOGLIO,,,,
535,GFL,4171/03,2021-05-17 11:08:57,75,22844,6443,1154,GT28,TANFOGLIO,,,,
554,HP,4171/03,2021-05-17 11:08:57,75,20187,11650,1154,GT28,TANFOGLIO,,,,
64,HP,4350/3,2021-05-11 14:32:56,51,4007,1336,1336,GT28,TANFOGLIO,,,,
171,RP,4350/3,2021-05-12 8:13:50,49,4120,1256,1239,GT28,TANFOGLIO,,,,
296,G.F.L,4350/3,2021-05-13 8:53:11,66,4041,3799,1214,GT28,TANFOGLIO,,,,
299,G.F.L,4350/3,2021-05-13 8:53:11,66,3985,1215,1252,GT28,TANFOGLIO,,,,
971,S&B,4475/02,2021-05-28 8:49:21,98,14690,3887,1153,GT28,TANFOGLIO,,,,
981,S&B,4475/02,2021-05-28 8:49:21,98,14690,6434,1153,GT28,TANFOGLIO,,,,
991,GECO,4475/02,2021-05-28 8:49:21,98,14771,9007,1153,GT28,TANFOGLIO,,,,
1001,GECO,4475/02,2021-05-28 8:49:21,98,14851,11634,1153,GT28,TANFOGLIO,,,,
863,GECO,4545/02,2021-05-27 14:54:48,91,20189,1404,1161,GT28,TANFOGLIO,,,,
864,GECO,4545/02,2021-05-27 14:54:48,91,22753,1404,1161,GT28,TANFOGLIO,,,,
865,GECO,4545/02,2021-05-27 14:54:48,91,25399,1404,1161,GT28,TANFOGLIO,,,,
873,S&B,4545/02,2021-05-27 14:54:48,91,20108,4049,1161,GT28,TANFOGLIO,,,,
874,GECO,4545/02,2021-05-27 14:54:48,91,22753,3968,1161,GT28,TANFOGLIO,,,,
875,GECO,4545/02,2021-05-27 14:54:48,91,25560,3968,1161,GT28,TANFOGLIO,,,,
883,GECO,4545/02,2021-05-27 14:54:48,91,20189,6613,1161,GT28,TANFOGLIO,,,,
884,GECO,4545/02,2021-05-27 14:54:48,91,22753,6532,1161,GT28,TANFOGLIO,,,,
893,GECO,4545/02,2021-05-27 14:54:49,91,20108,9069,1161,GT28,TANFOGLIO,,,,
894,GECO,4545/02,2021-05-27 14:54:49,91,22834,9150,1161,GT28,TANFOGLIO,,,,
903,GECO,4545/02,2021-05-27 14:54:49,91,20108,11714,1161,GT28,TANFOGLIO,,,,
904,GECO,4545/02,2021-05-27 14:54:49,91,22915,11714,1161,GT28,TANFOGLIO,,,,
511,S&B,4562/03,2021-05-17 11:08:56,75,11972,1315,1154,GT28,TANFOGLIO,,,,
540,GECO,4562/03,2021-05-17 11:08:57,75,9315,9073,1154,GT28,TANFOGLIO,,,,
550,GFL,4562/03,2021-05-17 11:08:57,75,9315,11650,1154,GT28,TANFOGLIO,,,,
507,S&B,4572/03,2021-05-17 11:08:56,75,1396,1476,1154,GT28,TANFOGLIO,,,,
517,S&B,4572/03,2021-05-17 11:08:56,75,1315,3973,1154,GT28,TANFOGLIO,,,,
527,S&B,4572/03,2021-05-17 11:08:57,75,1235,6604,1154,GT28,TANFOGLIO,,,,
509,GFL,465/03,2021-05-17 11:08:56,75,6604,1476,1154,GT28,TANFOGLIO,,,,
519,GFL,465/03,2021-05-17 11:08:56,75,6684,4027,1154,GT28,TANFOGLIO,,,,
548,GFL,465/03,2021-05-17 11:08:57,75,3973,11731,1154,GT28,TANFOGLIO,,,,
412,FN,471/3,2021-05-14 13:16:45,70,17625,1410,1189,GT28,TANFOGLIO,,,,
422,GECO,471/3,2021-05-14 13:16:45,70,17549,3960,1139,GT28,TANFOGLIO,,,,
453,GECO,471/3,2021-05-14 13:16:46,70,20350,11678,1139,GT28,TANFOGLIO,,,,
961,HP,4771/02,2021-05-28 8:49:21,98,14771,1394,1153,GT28,TANFOGLIO,,,,
990,S&B,4771/02,2021-05-28 8:49:21,98,12036,9007,1153,GT28,TANFOGLIO,,,,
1000,GFL,4771/02,2021-05-28 8:49:21,98,12117,11554,1153,GT28,TANFOGLIO,,,,
959,RWS,4778/02,2021-05-28 8:49:21,98,9409,1394,1153,GT28,TANFOGLIO,,,,
969,RWS,4778/02,2021-05-28 8:49:21,98,9409,3967,1153,GT28,TANFOGLIO,,,,
979,GFL,4778/02,2021-05-28 8:49:21,98,9409,6514,1153,GT28,TANFOGLIO,,,,
998,GFL,4778/02,2021-05-28 8:49:21,98,6755,11554,1153,GT28,TANFOGLIO,,,,
960,GFL,4875/02,2021-05-28 8:49:21,98,12036,1394,1153,GT28,TANFOGLIO,,,,
970,WIN,4875/02,2021-05-28 8:49:21,98,11956,3887,1153,GT28,TANFOGLIO,,,,
980,RP,4875/02,2021-05-28 8:49:21,98,12036,6434,1153,GT28,TANFOGLIO,,,,
408,WIN,488/3,2021-05-14 13:16:45,70,6835,1492,1186,GT28,TANFOGLIO,,,,
439,RP,488/3,2021-05-14 13:16:46,70,9578,9224,1170,GT28,TANFOGLIO,,,,
449,GECO,488/3,2021-05-14 13:16:46,70,9548,11799,1139,GT28,TANFOGLIO,,,,
521,GFL,4883/03,2021-05-17 11:08:56,75,12053,3973,1154,GT28,TANFOGLIO,,,,
531,GECO,4883/03,2021-05-17 11:08:57,75,12053,6523,1154,GT28,TANFOGLIO,,,,
541,WIN,4883/03,2021-05-17 11:08:57,75,12053,8993,1154,GT28,TANFOGLIO,,,,
774,S&B,4910/02,2021-05-24 13:42:35,83,23070,4127,1135,GT28,TANFOGLIO,,,,
784,S&B,4910/02,2021-05-24 13:42:35,83,23153,6758,1135,GT28,TANFOGLIO,,,,
794,S&B,4910/02,2021-05-24 13:42:35,83,23153,9333,1135,GT28,TANFOGLIO,,,,
532,S&B,4953/03,2021-05-17 11:08:57,75,14845,6443,1154,GT28,TANFOGLIO,,,,
542,GECO,4953/03,2021-05-17 11:08:57,75,14828,8918,1154,GT28,TANFOGLIO,,,,
552,GFL,4953/03,2021-05-17 11:08:57,75,14764,11570,1154,GT28,TANFOGLIO,,,,
357,S&B,5011/03,2021-05-13 14:22:41,68,20332,1463,1253,GT28,TANFOGLIO,,,,
362,S&B,5011/03,2021-05-13 14:22:42,68,17719,11753,1232,GT28,TANFOGLIO,,,,
382,S&B,5011/03,2021-05-13 14:22:42,68,17578,9203,1268,GT28,TANFOGLIO,,,,
756,GFL,5068/02,2021-05-24 13:42:35,83,1551,1468,1135,GT28,TANFOGLIO,,,,
766,GECO,5068/02,2021-05-24 13:42:35,83,1551,4127,1135,GT28,TANFOGLIO,,,,
776,S&B,5068/02,2021-05-24 13:42:35,83,1551,6674,1135,GT28,TANFOGLIO,,,,
1028,S&B,509/2,2021-06-07 15:42:07,107,6588,6507,1156,GT28,TANFOGLIO,,,,
1038,S&B,509/2,2021-06-07 15:42:07,107,6668,9249,1156,GT28,TANFOGLIO,,,,
1048,S&B,509/2,2021-06-07 15:42:07,107,6749,11804,1156,GT28,TANFOGLIO,,,,
1015,GECO,5168/2,2021-06-07 15:42:07,107,25570,1479,1156,GT28,TANFOGLIO,,,,
1025,GFL,5168/2,2021-06-07 15:42:07,107,25570,3953,1156,GT28,TANFOGLIO,,,,
1035,MRP,5168/2,2021-06-07 15:42:07,107,25570,6507,1156,GT28,TANFOGLIO,,,,
1022,SPEER,5216/2,2021-06-07 15:42:07,107,17477,3953,1156,GT28,TANFOGLIO,,,,
1012,S&B,5219/2,2021-06-07 15:42:07,107,17477,1398,1156,GT28,TANFOGLIO,,,,
1032,SPEER,5219/2,2021-06-07 15:42:07,107,17477,6507,1156,GT28,TANFOGLIO,,,,
685,GECO,5356/03,2021-05-19 13:53:15,79,25788,6603,1137,GT28,TANFOGLIO,,,,
695,HP,5356/03,2021-05-19 13:53:15,79,25788,9173,1137,GT28,TANFOGLIO,,,,
705,S&B,5356/03,2021-05-19 13:53:15,79,25707,11798,1137,GT28,TANFOGLIO,,,,
364,S&B,5358/03,2021-05-13 14:22:42,68,1576,6691,1217,GT28,TANFOGLIO,,,,
378,S&B,5358/03,2021-05-13 14:22:42,68,1513,4128,1221,GT28,TANFOGLIO,,,,
385,S&B,5358/03,2021-05-13 14:22:42,68,1491,1627,1189,GT28,TANFOGLIO,,,,
518,HP,5379/03,2021-05-17 11:08:56,75,3973,3973,1154,GT28,TANFOGLIO,,,,
528,HP,5379/03,2021-05-17 11:08:57,75,4027,6523,1154,GT28,TANFOGLIO,,,,
538,HP,5379/03,2021-05-17 11:08:57,75,3973,9073,1154,GT28,TANFOGLIO,,,,
806,S&B,538/02,2021-05-24 14:08:18,88,1717,1468,1135,GT28,TANFOGLIO,,,,
816,S&B,538/02,2021-05-24 14:08:18,88,1717,4126,1135,GT28,TANFOGLIO,,,,
826,WIN,538/02,2021-05-24 14:08:18,88,1634,6757,1135,GT28,TANFOGLIO,,,,
513,FN,5384/03,2021-05-17 11:08:56,75,17475,1315,1154,GT28,TANFOGLIO,,,,
523,S&B,5384/03,2021-05-17 11:08:57,75,17395,3892,1154,GT28,TANFOGLIO,,,,
533,FN,5384/03,2021-05-17 11:08:57,75,17475,6523,1154,GT28,TANFOGLIO,,,,
915,GECO,5436/02,2021-05-27 15:47:38,93,25881,1633,1135,GT28,TANFOGLIO,,,,
925,GECO,5436/02,2021-05-27 15:47:38,93,25881,4124,1135,GT28,TANFOGLIO,,,,
935,GECO,5436/02,2021-05-27 15:47:39,93,25964,6671,1135,GT28,TANFOGLIO,,,,
512,S&B,5626/03,2021-05-17 11:08:56,75,14684,1235,1154,GT28,TANFOGLIO,,,,
522,S&B,5626/03,2021-05-17 11:08:56,75,14684,3892,1154,GT28,TANFOGLIO,,,,
551,GFL,5626/03,2021-05-17 11:08:57,75,12107,11650,1154,GT28,TANFOGLIO,,,,
621,S&B,5689/03,2021-05-19 10:57:23,78,14849,4203,1161,GT28,TANFOGLIO,,,,
631,S&B,5689/03,2021-05-19 10:57:23,78,14849,6747,1161,GT28,TANFOGLIO,,,,
641,S&B,5689/03,2021-05-19 10:57:23,78,14987,9318,1161,GT28,TANFOGLIO,,,,
913,GFL,5695/02,2021-05-27 15:47:38,93,20511,1633,1135,GT28,TANFOGLIO,,,,
942,GFL,5695/02,2021-05-27 15:47:39,93,17881,9328,1135,GT28,TANFOGLIO,,,,
952,GECO,5695/02,2021-05-27 15:47:39,93,17964,11792,1135,GT28,TANFOGLIO,,,,
832,RP,5703/02,2021-05-24 14:08:18,88,17971,6674,1135,GT28,TANFOGLIO,,,,
842,S&B,5703/02,2021-05-24 14:08:19,88,17888,9249,1135,GT28,TANFOGLIO,,,,
906,GECO,5721/02,2021-05-27 15:47:38,93,1799,1633,1135,GT28,TANFOGLIO,,,,
916,GECO,5721/02,2021-05-27 15:47:38,93,1799,4207,1135,GT28,TANFOGLIO,,,,
926,GECO,5721/02,2021-05-27 15:47:38,93,1716,6837,1135,GT28,TANFOGLIO,,,,
934,RP,5730/02,2021-05-27 15:47:39,93,23251,6754,1135,GT28,TANFOGLIO,,,,
944,WIN,5730/02,2021-05-27 15:47:39,93,23251,9328,1135,GT28,TANFOGLIO,,,,
954,GECO,5730/02,2021-05-27 15:47:39,93,23307,11875,1135,GT28,TANFOGLIO,,,,
715,GFL,5742/02,2021-05-24 10:52:45,82,25888,1551,1135,GT28,TANFOGLIO,,,,
725,HP,5742/02,2021-05-24 10:52:45,82,25971,4042,1135,GT28,TANFOGLIO,,,,
437,S&B,578/3,2021-05-14 13:16:46,70,4123,9249,1205,GT28,TANFOGLIO,,,,
447,S&B,578/3,2021-05-14 13:16:46,70,4114,11782,1164,GT28,TANFOGLIO,,,,
388,RP,5862/03,2021-05-13 14:22:42,68,14990,11765,1224,GT28,TANFOGLIO,,,,
393,RP,5862/03,2021-05-13 14:22:42,68,17668,6640,1233,GT28,TANFOGLIO,,,,
394,WIN,5862/03,2021-05-13 14:22:42,68,17604,1540,1193,GT28,TANFOGLIO,,,,
395,RP,5862/03,2021-05-13 14:22:42,68,17604,4077,1186,GT28,TANFOGLIO,,,,
368,S&B,5900/03,2021-05-13 14:22:42,68,12249,1578,1256,GT28,TANFOGLIO,,,,
404,G.F.L,5900/03,2021-05-13 14:22:42,68,12261,6614,1201,GT28,TANFOGLIO,,,,
405,S&B,5900/03,2021-05-13 14:22:42,68,12236,4128,1242,GT28,TANFOGLIO,,,,
720,GECO,5959/02,2021-05-24 10:52:45,82,12432,4209,1135,GT28,TANFOGLIO,,,,
730,GECO,5959/02,2021-05-24 10:52:45,82,12515,6756,1135,GT28,TANFOGLIO,,,,
740,GECO,5959/02,2021-05-24 10:52:45,82,12598,9331,1135,GT28,TANFOGLIO,,,,
813,RWS,6106/02,2021-05-24 14:08:18,88,20519,1551,1135,GT28,TANFOGLIO,,,,
823,RWS,6106/02,2021-05-24 14:08:18,88,20602,4126,1135,GT28,TANFOGLIO,,,,
852,RWS,6106/02,2021-05-24 14:08:19,88,17888,11796,1135,GT28,TANFOGLIO,,,,
611,S&B,6118/03,2021-05-19 10:57:23,78,14932,1714,1161,GT28,TANFOGLIO,,,,
640,S&B,6118/03,2021-05-19 10:57:23,78,12277,9318,1161,GT28,TANFOGLIO,,,,
650,S&B,6118/03,2021-05-19 10:57:23,78,12194,11973,1161,GT28,TANFOGLIO,,,,
885,GFL,612/02,2021-05-27 14:54:48,91,25560,6613,1161,GT28,TANFOGLIO,,,,
895,GFL,612/02,2021-05-27 14:54:49,91,25560,9069,1161,GT28,TANFOGLIO,,,,
905,HP,612/02,2021-05-27 14:54:49,91,25560,11714,1161,GT28,TANFOGLIO,,,,
931,S&B,6182/02,2021-05-27 15:47:39,93,15307,6837,1135,GT28,TANFOGLIO,,,,
941,GECO,6182/02,2021-05-27 15:47:39,93,15252,9328,1135,GT28,TANFOGLIO,,,,
951,RP,6182/02,2021-05-27 15:47:39,93,15252,11875,1135,GT28,TANFOGLIO,,,,
559,S&B,6219/03,2021-05-18 10:50:11,76,6928,1561,1150,GT28,TANFOGLIO,,,,
569,S&B,6219/03,2021-05-18 10:50:11,76,6846,4107,1150,GT28,TANFOGLIO,,,,
1011,GECO,6227/2,2021-06-07 15:42:07,107,14600,1398,1156,GT28,TANFOGLIO,,,,
1021,GECO,6227/2,2021-06-07 15:42:07,107,14762,3953,1156,GT28,TANFOGLIO,,,,
1050,GECO,6227/2,2021-06-07 15:42:07,107,12126,11723,1156,GT28,TANFOGLIO,,,,
708,GECO,6434/02,2021-05-24 10:52:45,82,7171,1717,1135,GT28,TANFOGLIO,,,,
717,WW,6434/02,2021-05-24 10:52:45,82,4347,4209,1135,GT28,TANFOGLIO,,,,
718,GFL,6434/02,2021-05-24 10:52:45,82,7005,4209,1135,GT28,TANFOGLIO,,,,
727,REM,6434/02,2021-05-24 10:52:45,82,4347,6756,1135,GT28,TANFOGLIO,,,,
737,GFL,6434/02,2021-05-24 10:52:45,82,4347,9331,1135,GT28,TANFOGLIO,,,,
747,PMC,6434/02,2021-05-24 10:52:46,82,4430,11878,1135,GT28,TANFOGLIO,,,,
415,GECO,651/3,2021-05-14 13:16:45,70,25714,1329,1155,GT28,TANFOGLIO,,,,
425,S&B,651/3,2021-05-14 13:16:45,70,25710,3877,1194,GT28,TANFOGLIO,,,,
435,GECO,651/3,2021-05-14 13:16:46,70,25801,6563,1166,GT28,TANFOGLIO,,,,
445,S&B,651/3,2021-05-14 13:16:46,70,25795,9168,1191,GT28,TANFOGLIO,,,,
454,WIN,651/3,2021-05-14 13:16:46,70,23088,11717,1182,GT28,TANFOGLIO,,,,
609,S&B,6649/03,2021-05-19 10:57:23,78,9484,1797,1161,GT28,TANFOGLIO,,,,
619,HP,6649/03,2021-05-19 10:57:23,78,9484,4369,1161,GT28,TANFOGLIO,,,,
638,S&B,6649/03,2021-05-19 10:57:23,78,6913,9401,1161,GT28,TANFOGLIO,,,,
648,HP,6649/03,2021-05-19 10:57:23,78,6747,11890,1161,GT28,TANFOGLIO,,,,
856,S&B,6727/03,2021-05-27 14:54:48,91,1404,1485,1161,GT28,TANFOGLIO,,,,
866,GECO,6727/03,2021-05-27 14:54:48,91,1323,4049,1161,GT28,TANFOGLIO,,,,
714,GECO,6735/02,2021-05-24 10:52:45,82,23147,1551,1135,GT28,TANFOGLIO,,,,
724,MRP,6735/02,2021-05-24 10:52:45,82,23230,4126,1135,GT28,TANFOGLIO,,,,
753,GFL,6735/02,2021-05-24 10:52:46,82,20600,11878,1135,GT28,TANFOGLIO,,,,
817,MRP,6781/02,2021-05-24 14:08:18,88,4431,4209,1135,GT28,TANFOGLIO,,,,
827,RP,6781/02,2021-05-24 14:08:18,88,4431,6757,1135,GT28,TANFOGLIO,,,,
837,GFL,6781/02,2021-05-24 14:08:18,88,4431,9332,1135,GT28,TANFOGLIO,,,,
780,RP,6783/02,2021-05-24 13:42:35,83,12352,6674,1135,GT28,TANFOGLIO,,,,
790,GFL,6783/02,2021-05-24 13:42:35,83,12352,9333,1135,GT28,TANFOGLIO,,,,
800,GFL,6783/02,2021-05-24 13:42:36,83,12352,11881,1135,GT28,TANFOGLIO,,,,
563,GECO,6894/03,2021-05-18 10:50:11,76,17717,1397,1150,GT28,TANFOGLIO,,,,
572,GFL,6894/03,2021-05-18 10:50:11,76,17717,3971,1150,GT28,TANFOGLIO,,,,
582,S&B,6894/03,2021-05-18 10:50:11,76,17881,6599,1150,GT28,TANFOGLIO,,,,
929,GFL,7084/02,2021-05-27 15:47:39,93,9799,6837,1135,GT28,TANFOGLIO,,,,
939,GECO,7084/02,2021-05-27 15:47:39,93,9882,9411,1135,GT28,TANFOGLIO,,,,
949,S&B,7084/02,2021-05-27 15:47:39,93,9882,11958,1135,GT28,TANFOGLIO,,,,
1067,S&B,7115/4a,2021-06-08 9:07:52,108,14749,1402,1159,GT28,TANFOGLIO,,,,
1086,S&B,7115/4a,2021-06-08 9:07:52,108,12053,6525,1159,GT28,TANFOGLIO,,,,
1096,GFL,7115/4a,2021-06-08 9:07:52,108,12107,9087,1159,GT28,TANFOGLIO,,,,
1106,GFL,7115/4a,2021-06-08 9:07:52,108,12107,11648,1159,GT28,TANFOGLIO,,,,
1066,S&B,7115/4b,2021-06-08 9:07:52,108,12107,1402,1159,GT28,TANFOGLIO,,,,
1076,GFL,7115/4b,2021-06-08 9:07:52,108,12107,3964,1159,GT28,TANFOGLIO,,,,
1095,S&B,7115/4b,2021-06-08 9:07:52,108,9410,9087,1159,GT28,TANFOGLIO,,,,
1105,GFL,7115/4b,2021-06-08 9:07:52,108,9410,11648,1159,GT28,TANFOGLIO,,,,
706,S&B,7353/02,2021-05-24 10:52:45,82,1800,1634,1135,GT28,TANFOGLIO,,,,
716,S&B,7353/02,2021-05-24 10:52:45,82,1634,4209,1135,GT28,TANFOGLIO,,,,
726,GFL,7353/02,2021-05-24 10:52:45,82,1800,6756,1135,GT28,TANFOGLIO,,,,
876,GFL,7458/03,2021-05-27 14:54:48,91,1323,6613,1161,GT28,TANFOGLIO,,,,
886,S&B,7458/03,2021-05-27 14:54:48,91,1323,9150,1161,GT28,TANFOGLIO,,,,
896,S&B,7458/03,2021-05-27 14:54:49,91,1404,11714,1161,GT28,TANFOGLIO,,,,
1042,GFL,7521/1,2021-06-07 15:42:07,107,17477,9088,1156,GT28,TANFOGLIO,,,,
1052,PMR,7521/1,2021-06-07 15:42:07,107,17558,11643,1156,GT28,TANFOGLIO,,,,
1013,GFL,7521/2,2021-06-07 15:42:07,107,20112,1237,1156,GT28,TANFOGLIO,,,,
912,S&B,7607/02,2021-05-27 15:47:38,93,17881,1550,1135,GT28,TANFOGLIO,,,,
922,GECO,7607/02,2021-05-27 15:47:38,93,17798,4207,1135,GT28,TANFOGLIO,,,,
932,GECO,7607/02,2021-05-27 15:47:39,93,17964,6754,1135,GT28,TANFOGLIO,,,,
807,GFL,7639/02,2021-05-24 14:08:18,88,4347,1468,1135,GT28,TANFOGLIO,,,,
836,GFL,7639/02,2021-05-24 14:08:18,88,1717,9332,1135,GT28,TANFOGLIO,,,,
846,S&B,7639/02,2021-05-24 14:08:19,88,1717,11963,1135,GT28,TANFOGLIO,,,,
758,S&B,7641/02,2021-05-24 13:42:35,83,6924,1551,1135,GT28,TANFOGLIO,,,,
768,GECO,7641/02,2021-05-24 13:42:35,83,6924,4210,1135,GT28,TANFOGLIO,,,,
797,HP,7641/02,2021-05-24 13:42:35,83,4293,11881,1135,GT28,TANFOGLIO,,,,
1010,RWS,7788/2,2021-06-07 15:42:07,107,12046,1479,1156,GT28,TANFOGLIO,,,,
1039,GECO,7788/2,2021-06-07 15:42:07,107,9411,9169,1156,GT28,TANFOGLIO,,,,
1049,GFL,7788/2,2021-06-07 15:42:07,107,9411,11723,1156,GT28,TANFOGLIO,,,,
845,S&B,7790/02,2021-05-24 14:08:19,88,26030,9166,1135,GT28,TANFOGLIO,,,,
855,GECO,7790/02,2021-05-24 14:08:19,88,26030,11796,1135,GT28,TANFOGLIO,,,,
760,GECO,790/02,2021-05-24 13:42:35,83,12352,1551,1135,GT28,TANFOGLIO,,,,
770,GECO,790/02,2021-05-24 13:42:35,83,12352,4210,1135,GT28,TANFOGLIO,,,,
799,WIN,790/02,2021-05-24 13:42:36,83,9638,11964,1135,GT28,TANFOGLIO,,,,
908,HP,7949/02,2021-05-27 15:47:38,93,7086,1716,1135,GT28,TANFOGLIO,,,,
918,HP,7949/02,2021-05-27 15:47:38,93,7169,4290,1135,GT28,TANFOGLIO,,,,
928,GECO,7949/02,2021-05-27 15:47:38,93,7169,6837,1135,GT28,TANFOGLIO,,,,
938,S&B,7949/02,2021-05-27 15:47:39,93,7252,9328,1135,GT28,TANFOGLIO,,,,
947,RP,7949/02,2021-05-27 15:47:39,93,4512,11958,1135,GT28,TANFOGLIO,,,,
1006,SPEER,8094/2,2021-06-07 15:42:07,107,1318,1560,1156,GT28,TANFOGLIO,,,,
1016,GECO,8094/2,2021-06-07 15:42:07,107,1398,4114,1156,GT28,TANFOGLIO,,,,
1026,MRP,8094/2,2021-06-07 15:42:07,107,1398,6668,1156,GT28,TANFOGLIO,,,,
1036,RP,8094/2,2021-06-07 15:42:07,107,1398,9249,1156,GT28,TANFOGLIO,,,,
1009,GFL,8095/2,2021-06-07 15:42:07,107,9330,1479,1156,GT28,TANFOGLIO,,,,
1019,SPEER,8095/2,2021-06-07 15:42:07,107,9330,4033,1156,GT28,TANFOGLIO,,,,
1029,GFL,8095/2,2021-06-07 15:42:07,107,9411,6507,1156,GT28,TANFOGLIO,,,,
992,RP,8258/02,2021-05-28 8:49:21,98,17478,9007,1153,GT28,TANFOGLIO,,,,
1002,RP,8258/02,2021-05-28 8:49:21,98,17478,11554,1153,GT28,TANFOGLIO,,,,
360,S&B,8523/03,2021-05-13 14:22:42,68,20360,11712,1263,GT28,TANFOGLIO,,,,
365,G.F.L,8523/03,2021-05-13 14:22:42,68,22921,4064,1267,GT28,TANFOGLIO,,,,
402,G.F.L,8523/03,2021-05-13 14:22:42,68,22997,1399,1214,GT28,TANFOGLIO,,,,
367,SPEER,8529/03,2021-05-13 14:22:42,68,14926,1552,1202,GT28,TANFOGLIO,,,,
389,SPEER,8529/03,2021-05-13 14:22:42,68,12274,11778,1213,GT28,TANFOGLIO,,,,
391,SPEER,8529/03,2021-05-13 14:22:42,68,12223,9203,1231,GT28,TANFOGLIO,,,,
371,S&B,8560/03,2021-05-13 14:22:42,68,6832,9245,1204,GT28,TANFOGLIO,,,,
379,S&B,8560/03,2021-05-13 14:22:42,68,6944,11778,1248,GT28,TANFOGLIO,,,,
397,G.F.L,8560/03,2021-05-13 14:22:42,68,6832,6669,1243,GT28,TANFOGLIO,,,,
400,G.F.L,8560/03,2021-05-13 14:22:42,68,9494,1616,1239,GT28,TANFOGLIO,,,,
857,GECO,8562/03,2021-05-27 14:54:48,91,4049,1485,1161,GT28,TANFOGLIO,,,,
867,S&B,8562/03,2021-05-27 14:54:48,91,3968,4049,1161,GT28,TANFOGLIO,,,,
877,S&B,8562/03,2021-05-27 14:54:48,91,3968,6613,1161,GT28,TANFOGLIO,,,,
882,RP,8566/03,2021-05-27 14:54:48,91,17490,6532,1161,GT28,TANFOGLIO,,,,
892,HP,8566/03,2021-05-27 14:54:49,91,17409,9150,1161,GT28,TANFOGLIO,,,,
902,GECO,8566/03,2021-05-27 14:54:49,91,17490,11714,1161,GT28,TANFOGLIO,,,,
668,S&B,8619/03,2021-05-19 13:53:15,79,6955,3990,1137,GT28,TANFOGLIO,,,,
1034,RWS,8762/2,2021-06-07 15:42:07,107,22828,6507,1156,GT28,TANFOGLIO,,,,
1044,GFL,8762/2,2021-06-07 15:42:07,107,22828,9088,1156,GT28,TANFOGLIO,,,,
1054,GFL,8762/2,2021-06-07 15:42:07,107,22909,11723,1156,GT28,TANFOGLIO,,,,
964,GFL,887/02,2021-05-28 8:49:21,98,22759,1233,1153,GT28,TANFOGLIO,,,,
974,GFL,887/02,2021-05-28 8:49:21,98,22759,3887,1153,GT28,TANFOGLIO,,,,
984,GFL,887/02,2021-05-28 8:49:21,98,22840,6434,1153,GT28,TANFOGLIO,,,,
993,GFL,887/02,2021-05-28 8:49:21,98,20132,8927,1153,GT28,TANFOGLIO,,,,
994,WIN,887/02,2021-05-28 8:49:21,98,22759,8927,1153,GT28,TANFOGLIO,,,,
1003,WIN,887/02,2021-05-28 8:49:21,98,20132,11473,1153,GT28,TANFOGLIO,,,,
728,GECO,9023/02,2021-05-24 10:52:45,82,7088,6756,1135,GT28,TANFOGLIO,,,,
738,GECO,9023/02,2021-05-24 10:52:45,82,7171,9331,1135,GT28,TANFOGLIO,,,,
748,GECO,9023/02,2021-05-24 10:52:46,82,7171,11961,1135,GT28,TANFOGLIO,,,,
828,HP,9074/02,2021-05-24 14:08:18,88,7172,6674,1135,GT28,TANFOGLIO,,,,
763,GFL,909/02,2021-05-24 13:42:35,83,20356,1634,1135,GT28,TANFOGLIO,,,,
773,CCI,909/02,2021-05-24 13:42:35,83,20356,4210,1135,GT28,TANFOGLIO,,,,
783,GFL,909/02,2021-05-24 13:42:35,83,20439,6758,1135,GT28,TANFOGLIO,,,,
785,HP,910/02,2021-05-24 13:42:35,83,25810,6762,1135,GT28,TANFOGLIO,,,,
795,RP,910/02,2021-05-24 13:42:35,83,25867,9333,1135,GT28,TANFOGLIO,,,,
805,S&B,910/02,2021-05-24 13:42:36,83,25812,11881,1135,GT28,TANFOGLIO,,,,
707,HP,9162/02,2021-05-24 10:52:45,82,4430,1634,1135,GT28,TANFOGLIO,,,,
736,S&B,9162/02,2021-05-24 10:52:45,82,1717,9331,1135,GT28,TANFOGLIO,,,,
746,GECO,9162/02,2021-05-24 10:52:46,82,1717,11961,1135,GT28,TANFOGLIO,,,,
809,S&B,9164/02,2021-05-24 14:08:18,88,9636,1551,1135,GT28,TANFOGLIO,,,,
838,GECO,9164/02,2021-05-24 14:08:18,88,7172,9166,1135,GT28,TANFOGLIO,,,,
848,S&B,9164/02,2021-05-24 14:08:19,88,7089,11713,1135,GT28,TANFOGLIO,,,,
808,S&B,9237/02,2021-05-24 14:08:18,88,7089,1551,1135,GT28,TANFOGLIO,,,,
818,RWS,9237/02,2021-05-24 14:08:18,88,7006,4126,1135,GT28,TANFOGLIO,,,,
847,S&B,9237/02,2021-05-24 14:08:19,88,4347,11963,1135,GT28,TANFOGLIO,,,,
810,GECO,9273/02A,2021-05-24 14:08:18,88,12433,1468,1135,GT28,TANFOGLIO,,,,
820,S&B,9273/02A,2021-05-24 14:08:18,88,12516,3960,1135,GT28,TANFOGLIO,,,,
830,S&B,9273/02A,2021-05-24 14:08:18,88,12516,6674,1135,GT28,TANFOGLIO,,,,
840,S&B,9273/02A,2021-05-24 14:08:19,88,12433,9249,1135,GT28,TANFOGLIO,,,,
849,GECO,9273/02A,2021-05-24 14:08:19,88,9803,11879,1135,GT28,TANFOGLIO,,,,
850,GECO,9273/02A,2021-05-24 14:08:19,88,12516,11796,1135,GT28,TANFOGLIO,,,,
811,S&B,9273/02B,2021-05-24 14:08:18,88,15147,1468,1135,GT28,TANFOGLIO,,,,
812,GECO,9273/02B,2021-05-24 14:08:18,88,17888,1551,1135,GT28,TANFOGLIO,,,,
821,S&B,9273/02B,2021-05-24 14:08:18,88,15147,4043,1135,GT28,TANFOGLIO,,,,
822,S&B,9273/02B,2021-05-24 14:08:18,88,18027,4126,1135,GT28,TANFOGLIO,,,,
831,GECO,9273/02B,2021-05-24 14:08:18,88,15147,6674,1135,GT28,TANFOGLIO,,,,
841,GECO,9273/02B,2021-05-24 14:08:19,88,15230,9166,1135,GT28,TANFOGLIO,,,,
851,S&B,9273/02B,2021-05-24 14:08:19,88,15147,11713,1135,GT28,TANFOGLIO,,,,
711,HP,9278/02,2021-05-24 10:52:45,82,15173,1551,1135,GT28,TANFOGLIO,,,,
721,S&B,9278/02,2021-05-24 10:52:45,82,15173,4126,1135,GT28,TANFOGLIO,,,,
750,GECO,9278/02,2021-05-24 10:52:46,82,12598,11795,1135,GT28,TANFOGLIO,,,,
709,S&B,9279/02,2021-05-24 10:52:45,82,9718,1551,1135,GT28,TANFOGLIO,,,,
719,GFL,9279/02,2021-05-24 10:52:45,82,9802,4209,1135,GT28,TANFOGLIO,,,,
729,GECO,9279/02,2021-05-24 10:52:45,82,9802,6673,1135,GT28,TANFOGLIO,,,,
814,S&B,9280/02,2021-05-24 14:08:18,88,23233,1412,1135,GT28,TANFOGLIO,,,,
824,S&B,9280/02,2021-05-24 14:08:18,88,23233,4126,1135,GT28,TANFOGLIO,,,,
833,SPEER,9280/02,2021-05-24 14:08:18,88,20519,6674,1135,GT28,TANFOGLIO,,,,
843,S&B,9280/02,2021-05-24 14:08:19,88,20602,9249,1135,GT28,TANFOGLIO,,,,
853,SPEER,9280/02,2021-05-24 14:08:19,88,20602,11796,1135,GT28,TANFOGLIO,,,,
907,GFL,9605/02,2021-05-27 15:47:38,93,4429,1633,1135,GT28,TANFOGLIO,,,,
936,S&B,9605/02,2021-05-27 15:47:39,93,1882,9328,1135,GT28,TANFOGLIO,,,,
946,S&B,9605/02,2021-05-27 15:47:39,93,1965,11875,1135,GT28,TANFOGLIO,,,,
819,S&B,9624/02,2021-05-24 14:08:18,88,9720,4209,1135,GT28,TANFOGLIO,,,,
829,HP,9624/02,2021-05-24 14:08:18,88,9803,6757,1135,GT28,TANFOGLIO,,,,
839,S&B,9624/02,2021-05-24 14:08:19,88,9803,9249,1135,GT28,TANFOGLIO,,,,
361,S&B,9848/03,2021-05-13 14:22:42,68,25713,4102,1249,GT28,TANFOGLIO,,,,
366,S&B,9848/03,2021-05-13 14:22:42,68,25566,1491,1223,GT28,TANFOGLIO,,,,
373,S&B,9848/03,2021-05-13 14:22:42,68,25586,6602,1281,GT28,TANFOGLIO,,,,
374,HP,9849/03,2021-05-13 14:22:42,68,9558,11804,1263,GT28,TANFOGLIO,,,,
380,HP,9849/03,2021-05-13 14:22:42,68,9596,9241,1262,GT28,TANFOGLIO,,,,
381,HP,9849/03,2021-05-13 14:22:42,68,9570,6669,1268,GT28,TANFOGLIO,,,,
562,GECO,9912/03,2021-05-18 10:50:11,76,15006,1561,1150,GT28,TANFOGLIO,,,,
571,GECO,9912/03,2021-05-18 10:50:11,76,15088,4053,1150,GT28,TANFOGLIO,,,,
580,GECO,9912/03,2021-05-18 10:50:11,76,12268,6599,1150,GT28,TANFOGLIO,,,,
590,GECO,9912/03,2021-05-18 10:50:11,76,12350,9091,1150,GT28,TANFOGLIO,,,,
600,HP,9912/03,2021-05-18 10:50:11,76,12350,11720,1150,GT28,TANFOGLIO,,,,
1069,LAPUA,9921/4,2021-06-08 9:07:52,108,20196,1483,1159,GT28,TANFOGLIO,,,,
1088,LE,9921/4,2021-06-08 9:07:52,108,17473,6525,1159,GT28,TANFOGLIO,,,,
1098,LE,9921/4,2021-06-08 9:07:52,108,17473,9087,1159,GT28,TANFOGLIO,,,,
1108,S&B,9921/4,2021-06-08 9:07:52,108,17473,11648,1159,GT28,TANFOGLIO,,,,
917,HP,9930/02,2021-05-27 15:47:38,93,4517,4223,1135,GT28,TANFOGLIO,,,,
927,GFL,9930/02,2021-05-27 15:47:38,93,4512,6837,1135,GT28,TANFOGLIO,,,,
937,S&B,9930/02,2021-05-27 15:47:39,93,4512,9411,1135,GT28,TANFOGLIO,,,,
1079,GECO,9945/4,2021-06-08 9:07:52,108,20115,4045,1159,GT28,TANFOGLIO,,,,
1089,HP,9945/4,2021-06-08 9:07:52,108,20196,6606,1159,GT28,TANFOGLIO,,,,
1099,WIN,9945/4,2021-06-08 9:07:52,108,20115,9087,1159,GT28,TANFOGLIO,,,,
560,GECO,9961/03,2021-05-18 10:50:11,76,9557,1561,1150,GT28,TANFOGLIO,,,,
561,GECO,9961/03,2021-05-18 10:50:11,76,12432,1561,1150,GT28,TANFOGLIO,,,,
570,GFL,9961/03,2021-05-18 10:50:11,76,9613,4121,1150,GT28,TANFOGLIO,,,,
578,GECO,9961/03,2021-05-18 10:50:11,76,6928,6681,1150,GT28,TANFOGLIO,,,,
579,GECO,9961/03,2021-05-18 10:50:11,76,9639,6681,1150,GT28,TANFOGLIO,,,,
588,GECO,9961/03,2021-05-18 10:50:11,76,7010,9228,1150,GT28,TANFOGLIO,,,,
589,GECO,9961/03,2021-05-18 10:50:11,76,9557,9173,1150,GT28,TANFOGLIO,,,,
598,GECO,9961/03,2021-05-18 10:50:11,76,6928,11802,1150,GT28,TANFOGLIO,,,,
599,GECO,9961/03,2021-05-18 10:50:11,76,9639,11720,1150,GT28,TANFOGLIO,,,,
691,GECO,9967/03,2021-05-19 13:53:15,79,14991,9173,1137,GT28,TANFOGLIO,,,,
701,GECO,9967/03,2021-05-19 13:53:15,79,14991,11717,1137,GT28,TANFOGLIO,,,,
377,CBC,9992/03,2021-05-13 14:22:42,68,6906,4115,1236,GT28,TANFOGLIO,,,,
390,CBC,9992/03,2021-05-13 14:22:42,68,4292,11816,1240,GT28,TANFOGLIO,,,,
376,G.F.L,9994/03,2021-05-13 14:22:42,68,22990,9164,1264,GT28,TANFOGLIO,,,,
383,G.F.L,9994/03,2021-05-13 14:22:42,68,23023,11765,1284,GT28,TANFOGLIO,,,,
392,G.F.L,9994/03,2021-05-13 14:22:42,68,23071,6588,1246,GT28,TANFOGLIO,,,,
610,CBC,9997/03,2021-05-19 10:57:23,78,12277,1714,1161,GT28,TANFOGLIO,,,,
620,MRP,9997/03,2021-05-19 10:57:23,78,12277,4286,1161,GT28,TANFOGLIO,,,,
630,CBC,9997/03,2021-05-19 10:57:23,78,12277,6830,1161,GT28,TANFOGLIO,,,,
1284,S&B,10841/2,2021-06-14 8:26:37,123,23088,4034,1145,P6,RECK,x,,,
1294,WIN,10841/2,2021-06-14 8:26:37,123,23088,6597,1145,P6,RECK,y,,,
1304,S&B,10841/2,2021-06-14 8:26:37,123,23088,9159,1145,P6,RECK,z,,,
1230,GFL,11762/2,2021-06-09 14:40:22,115,12130,3954,1157,P6,RECK,x,,,
1240,GECO,11762/2,2021-06-09 14:40:22,115,12049,6590,1157,P6,RECK,y,,,
1250,GECO,11762/2,2021-06-09 14:40:23,115,12049,9091,1157,P6,RECK,z,,,
1295,GECO,11812/2,2021-06-14 8:26:37,123,25787,6515,1145,P6,RECK,x,,,
1305,GFL,11812/2,2021-06-14 8:26:37,123,25714,9133,1145,P6,RECK,y,,,
1315,GECO,11812/2,2021-06-14 8:26:37,123,25732,11721,1145,P6,RECK,z,,,
1289,S&B,11979/2,2021-06-14 8:26:37,123,9568,6515,1145,P6,RECK,x,,,
1299,S&B,11979/2,2021-06-14 8:26:37,123,9650,9077,1145,P6,RECK,z,,,
1309,HP,11979/2,2021-06-14 8:26:37,123,9568,11721,1145,P6,RECK,y,,,
1274,HP,12348/2,2021-06-14 8:26:37,123,23007,1390,1145,P6,RECK,x,,,
1303,GECO,12348/2,2021-06-14 8:26:37,123,20281,9159,1145,P6,RECK,y,,,
1313,GECO,12348/2,2021-06-14 8:26:37,123,20362,11721,1145,P6,RECK,z,,,
1269,S&B,12413/2,2021-06-14 8:26:37,123,9486,1472,1145,P6,RECK,x,,,
1279,S&B,12413/2,2021-06-14 8:26:37,123,9650,4034,1145,P6,RECK,z,,,
1308,GECO,12413/2,2021-06-14 8:26:37,123,6842,11721,1145,P6,RECK,y,,,
1225,S&B,12717/3,2021-06-09 14:40:22,115,25471,1399,1157,P6,RECK,x,,,
1235,S&B,12717/3,2021-06-09 14:40:22,115,25551,3954,1157,P6,RECK,z,,,
1254,GECO,12717/3,2021-06-09 14:40:23,115,22835,9091,1157,P6,RECK,,,,
1264,GFL,12717/3,2021-06-09 14:40:23,115,22915,11727,1157,P6,RECK,y,,,
1219,S&B,13049/3,2021-06-09 14:40:22,115,9252,1399,1157,P6,RECK,x,,,
1229,GECO,13049/3,2021-06-09 14:40:22,115,9387,3954,1157,P6,RECK,y,,,
1239,S&B,13049/3,2021-06-09 14:40:22,115,9333,6509,1157,P6,RECK,z,,,
1222,GECO,13194/2,2021-06-09 14:40:22,115,17482,1479,1157,P6,RECK,x,,,
1241,GECO,13194/2,2021-06-09 14:40:22,115,14766,6509,1157,P6,RECK,,,,
1251,S&B,13194/2,2021-06-09 14:40:23,115,14766,9091,1157,P6,RECK,y,,,
1261,GECO,13194/2,2021-06-09 14:40:23,115,14847,11646,1157,P6,RECK,z,,,
1238,GECO,13223/3,2021-06-09 14:40:22,115,6751,6509,1157,P6,RECK,x,,,
1248,GECO,13223/3,2021-06-09 14:40:23,115,6743,9072,1157,P6,RECK,z,,,
1258,PMC,13223/3,2021-06-09 14:40:23,115,6832,11565,1157,P6,RECK,y,,,
1292,GECO,1344/3,2021-06-14 8:26:37,123,17718,6597,1145,P6,RECK,,x,,
1302,S&B,1344/3,2021-06-14 8:26:37,123,17718,9159,1145,P6,RECK,,y,,
1312,GECO,1344/3,2021-06-14 8:26:37,123,17637,11721,1145,P6,RECK,,,,
1374,S&B,13485/2,2021-06-16 10:54:09,128,23071,1392,1147,P6,RECK,,x,,
1384,S&B,13485/2,2021-06-16 10:54:09,128,23071,4123,1147,P6,RECK,,y,,
1394,S&B,13485/2,2021-06-16 10:54:09,128,23071,6689,1147,P6,RECK,,,,
1377,S&B,1381/3,2021-06-16 10:54:09,128,4287,4041,1147,P6,RECK,,x,,
1387,S&B,1381/3,2021-06-16 10:54:09,128,4368,6689,1147,P6,RECK,,y,,
1397,S&B,1381/3,2021-06-16 10:54:09,128,4205,9228,1147,P6,RECK,,,,
1385,GFL,14405/4,2021-06-16 10:54:09,128,25719,4041,1147,P6,RECK,,x,,
1395,GECO,14405/4,2021-06-16 10:54:09,128,25801,6689,1147,P6,RECK,,,,
1405,S&B,14405/4,2021-06-16 10:54:09,128,25801,9228,1147,P6,RECK,,y,,
1415,GECO,14405/4,2021-06-16 10:54:09,128,25719,11877,1147,P6,RECK,,,,
1271,GFL,15/2,2021-06-14 8:26:37,123,14992,1472,1145,P6,RECK,,x,,
1300,GFL,15/2,2021-06-14 8:26:37,123,12212,9159,1145,P6,RECK,,y,,
1310,GFL,15/2,2021-06-14 8:26:37,123,12267,11721,1145,P6,RECK,,,,
1371,W-W,15018/3,2021-06-16 10:54:09,128,15071,1474,1147,P6,RECK,,x,,
1400,GECO,15018/3,2021-06-16 10:54:09,128,12286,9147,1147,P6,RECK,,,,
1410,CBC,15018/3,2021-06-16 10:54:09,128,12286,11713,1147,P6,RECK,,y,,
1266,S&B,1656/3,2021-06-14 8:26:37,123,1636,1472,1145,P6,RECK,,x,,
1276,GECO,1656/3,2021-06-14 8:26:37,123,1472,4034,1145,P6,RECK,,,,
1286,GFL,1656/3,2021-06-14 8:26:37,123,1472,6515,1145,P6,RECK,,y,,
1217,GECO,1824/3,2021-06-09 14:40:22,115,4034,1399,1157,P6,RECK,,x,,
1246,GECO,1824/3,2021-06-09 14:40:23,115,1318,9091,1157,P6,RECK,,,,
1256,RP,1824/3,2021-06-09 14:40:23,115,1479,11646,1157,P6,RECK,,y,,
1224,GECO,1885/3,2021-06-09 14:40:22,115,22835,1318,1157,P6,RECK,,x,,
1234,RWS,1885/3,2021-06-09 14:40:22,115,22835,3954,1157,P6,RECK,,y,,
1243,GECO,1885/3,2021-06-09 14:40:23,115,20248,6485,1157,P6,RECK,,,,
1244,GECO,1885/3,2021-06-09 14:40:23,115,22834,6509,1157,P6,RECK,,,,
1253,GECO,1885/3,2021-06-09 14:40:23,115,20248,9096,1157,P6,RECK,,,,
1263,GFL,1885/3,2021-06-09 14:40:23,115,20280,11727,1157,P6,RECK,,,,
1388,S&B,1905/3,2021-06-16 10:54:09,128,6990,6607,1147,P6,RECK,,x,,
1398,S&B,1905/3,2021-06-16 10:54:09,128,6990,9228,1147,P6,RECK,,y,,
1408,S&B,1905/3,2021-06-16 10:54:09,128,6908,11795,1147,P6,RECK,,,,
1399,S&B,2052/3,2021-06-16 10:54:09,128,9638,9228,1147,P6,RECK,,,x,
1409,S&B,2052/3,2021-06-16 10:54:09,128,9638,11795,1147,P6,RECK,,,,
1373,GFL,2137/2,2021-06-16 10:54:09,128,20368,1556,1147,P6,RECK,,,x,
1383,GFL,2137/2,2021-06-16 10:54:09,128,20423,4183,1147,P6,RECK,,,,
1412,GECO,2137/2,2021-06-16 10:54:09,128,17802,11795,1147,P6,RECK,,,,
1227,GFL,2139/2,2021-06-09 14:40:22,115,4115,3954,1157,P6,RECK,,,x,
1237,GFL,2139/2,2021-06-09 14:40:22,115,4034,6428,1157,P6,RECK,,,,
1247,GECO,2139/2,2021-06-09 14:40:23,115,4109,9096,1157,P6,RECK,,,,
1216,GFL,2454/2,2021-06-09 14:40:22,115,1318,1318,1157,P6,RECK,,,x,
1226,W-W,2454/2,2021-06-09 14:40:22,115,1318,3873,1157,P6,RECK,,,,
1236,GECO,2454/2,2021-06-09 14:40:22,115,1318,6509,1157,P6,RECK,,,,
1393,GECO,2827/2,2021-06-16 10:54:09,128,20368,6689,1147,P6,RECK,,,x,
1403,CCI,2827/2,2021-06-16 10:54:09,128,20375,9301,1147,P6,RECK,,,,
1413,GECO,2827/2,2021-06-16 10:54:09,128,20368,11795,1147,P6,RECK,,,,
1368,S&B,3248/3,2021-06-16 10:54:08,128,6908,1474,1147,P6,RECK,,,x,
1378,S&B,3248/3,2021-06-16 10:54:09,128,6990,4041,1147,P6,RECK,,,,
1407,S&B,3248/3,2021-06-16 10:54:09,128,4205,11877,1147,P6,RECK,,,,
1369,GECO,3280/3,2021-06-16 10:54:08,128,9556,1474,1147,P6,RECK,,,x,
1379,S&B,3280/3,2021-06-16 10:54:09,128,9638,4123,1147,P6,RECK,,,,
1389,WIN,3280/3,2021-06-16 10:54:09,128,9720,6689,1147,P6,RECK,,,,
1275,GFL,3287/3,2021-06-14 8:26:37,123,25651,1390,1145,P6,RECK,,,x,
1285,HP,3287/3,2021-06-14 8:26:37,123,25787,3953,1145,P6,RECK,,,,
1314,S&B,3287/3,2021-06-14 8:26:37,123,23088,11721,1145,P6,RECK,,,,
1218,RP,3722/2,2021-06-09 14:40:22,115,6670,1399,1157,P6,RECK,,,x,
1228,RP,3722/2,2021-06-09 14:40:22,115,6670,3954,1157,P6,RECK,,,,
1257,RP,3722/2,2021-06-09 14:40:23,115,4115,11646,1157,P6,RECK,,,,
1366,GECO,4033/2,2021-06-16 10:54:08,128,1556,1474,1147,P6,RECK,a,,,
1376,GECO,4033/2,2021-06-16 10:54:09,128,1556,4041,1147,P6,RECK,b,,,
1386,S&B,4033/2,2021-06-16 10:54:09,128,1556,6689,1147,P6,RECK,,,,
1245,S&B,4405/3,2021-06-09 14:40:23,115,25471,6428,1157,P6,RECK,a,,,
1255,S&B,4405/3,2021-06-09 14:40:23,115,25471,9091,1157,P6,RECK,b,,,
1265,S&B,4405/3,2021-06-09 14:40:23,115,25551,11646,1157,P6,RECK,,,,
1273,GFL,4406/2,2021-06-14 8:26:37,123,20444,1390,1145,P6,RECK,a,,,
1283,WIN,4406/2,2021-06-14 8:26:37,123,20362,3953,1145,P6,RECK,b,,,
1293,GFL,4406/2,2021-06-14 8:26:37,123,20444,6597,1145,P6,RECK,,,,
1270,WIN,4458/2,2021-06-14 8:26:37,123,12267,1472,1145,P6,RECK,a,,,
1280,WIN,4458/2,2021-06-14 8:26:37,123,12212,4034,1145,P6,RECK,b,,,
1290,WIN,4458/2,2021-06-14 8:26:37,123,12267,6515,1145,P6,RECK,,,,
1297,HP,5705/2,2021-06-14 8:26:37,123,4280,9077,1145,P6,RECK,,,,
1307,GECO,5705/2,2021-06-14 8:26:37,123,4198,11640,1145,P6,RECK,,,,
1375,S&B,595/3,2021-06-16 10:54:09,128,25801,1474,1147,P6,RECK,a,,,
1404,S&B,595/3,2021-06-16 10:54:09,128,23071,9228,1147,P6,RECK,b,,,
1414,GECO,595/3,2021-06-16 10:54:09,128,23071,11877,1147,P6,RECK,,,,
1220,GECO,6348/3,2021-06-09 14:40:22,115,12049,1479,1157,P6,RECK,a,,,
1249,GFL,6348/3,2021-06-09 14:40:23,115,9330,9072,1157,P6,RECK,b,,,
1259,GFL,6348/3,2021-06-09 14:40:23,115,9425,11635,1157,P6,RECK,,,,
1367,S&B,6428/2,2021-06-16 10:54:08,128,4205,1392,1147,P6,RECK,a,,,
1396,S&B,6428/2,2021-06-16 10:54:09,128,1474,9228,1147,P6,RECK,b,,,
1406,GECO,6428/2,2021-06-16 10:54:09,128,1556,11877,1147,P6,RECK,,,,
1267,PMC,6730/3,2021-06-14 8:26:37,123,4198,1472,1145,P6,RECK,a,,,
1277,S&B,6730/3,2021-06-14 8:26:37,123,4280,4034,1145,P6,RECK,b,,,
1287,GFL,6730/3,2021-06-14 8:26:37,123,4198,6597,1145,P6,RECK,,,,
1221,HP,6747/2,2021-06-09 14:40:22,115,14766,1399,1157,P6,RECK,a,,,
1231,S&B,6747/2,2021-06-09 14:40:22,115,14847,3954,1157,P6,RECK,b,,,
1260,GFL,6747/2,2021-06-09 14:40:23,115,12049,11727,1157,P6,RECK,,,,
1296,GFL,7489/3,2021-06-14 8:26:37,123,1554,9077,1145,P6,RECK,,,,
1306,GFL,7489/3,2021-06-14 8:26:37,123,1554,11721,1145,P6,RECK,,,,
1223,GECO,7491/3,2021-06-09 14:40:22,115,20118,1399,1157,P6,RECK,a,,,
1233,FC,7491/3,2021-06-09 14:40:22,115,20199,3954,1157,P6,RECK,b,,,
1262,S&B,7491/3,2021-06-09 14:40:23,115,17563,11727,1157,P6,RECK,,,,
1232,GECO,7568/3,2021-06-09 14:40:22,115,17482,4034,1157,P6,RECK,,,,
1242,RP,7568/3,2021-06-09 14:40:23,115,17482,6590,1157,P6,RECK,,,,
1252,GECO,7568/3,2021-06-09 14:40:23,115,17518,9143,1157,P6,RECK,,,,
1370,S&B,7793/2,2021-06-16 10:54:09,128,12368,1474,1147,P6,RECK,,,,
1380,HP,7793/2,2021-06-16 10:54:09,128,12286,4041,1147,P6,RECK,,,,
1390,GECO,7793/2,2021-06-16 10:54:09,128,12286,6607,1147,P6,RECK,,,,
1372,GECO,8530/3,2021-06-16 10:54:09,128,17744,1503,1147,P6,RECK,,,,
1381,GFL,8530/3,2021-06-16 10:54:09,128,14907,4123,1147,P6,RECK,,,,
1382,GECO,8530/3,2021-06-16 10:54:09,128,17720,4123,1147,P6,RECK,,,,
1391,S&B,8530/3,2021-06-16 10:54:09,128,14989,6689,1147,P6,RECK,,,,
1392,GECO,8530/3,2021-06-16 10:54:09,128,17720,6689,1147,P6,RECK,,,,
1401,GECO,8530/3,2021-06-16 10:54:09,128,14989,9228,1147,P6,RECK,,,,
1402,GECO,8530/3,2021-06-16 10:54:09,128,17720,9147,1147,P6,RECK,,,,
1411,GECO,8530/3,2021-06-16 10:54:09,128,14989,11795,1147,P6,RECK,,,,
1272,S&B,9275/2,2021-06-14 8:26:37,123,17800,1472,1145,P6,RECK,,,,
1281,S&B,9275/2,2021-06-14 8:26:37,123,14911,4034,1145,P6,RECK,,,,
1282,S&B,9275/2,2021-06-14 8:26:37,123,17800,4034,1145,P6,RECK,,,,
1291,S&B,9275/2,2021-06-14 8:26:37,123,15074,6597,1145,P6,RECK,,,,
1301,S&B,9275/2,2021-06-14 8:26:37,123,14911,9159,1145,P6,RECK,,,,
1311,GECO,9275/2,2021-06-14 8:26:37,123,14992,11721,1145,P6,RECK,,,,
1268,GECO,9961/03,2021-06-14 8:26:37,123,6924,1390,1145,P6,RECK,,,,
1278,GECO,9961/03,2021-06-14 8:26:37,123,6924,3953,1145,P6,RECK,,,,
1288,GECO,9961/03,2021-06-14 8:26:37,123,6842,6515,1145,P6,RECK,,,,
1298,GECO,9961/03,2021-06-14 8:26:37,123,6924,9159,1145,P6,RECK,,,,